sections#0#name,sections#0#entropy,sections#0#raw_size,sections#0#virtual_size,sections#1#name,sections#1#entropy,sections#1#raw_size,sections#1#virtual_size,sections#2#name,sections#2#entropy,sections#2#raw_size,sections#2#virtual_size,sections#3#name,sections#3#entropy,sections#3#raw_size,sections#3#virtual_size,sections#4#name,sections#4#entropy,sections#4#raw_size,sections#4#virtual_size,sections#5#name,sections#5#entropy,sections#5#raw_size,sections#5#virtual_size,,,,,,,,,,,,,,,,,,,,,,,,,,,,,,,,,,,,,,,,,,,,,,,,,,,,,,,,
.text,5.58,237568,236887,.rdata,3.07,28672,26517,.data,5.2,122880,128880,.idata,3.94,4096,3336,.rsrc,3.97,77824,74201,.reloc,6,16384,15559,,,,,,,,,,,,,,,,,,,,,,,,,,,,,,,,,,,,,,,,,,,,,,,,,,,,,,,,
sections#0#name,sections#0#entropy,sections#0#raw_size,sections#0#virtual_size,sections#1#name,sections#1#entropy,sections#1#raw_size,sections#1#virtual_size,sections#2#name,sections#2#entropy,sections#2#raw_size,sections#2#virtual_size,sections#3#name,sections#3#entropy,sections#3#raw_size,sections#3#virtual_size,sections#4#name,sections#4#entropy,sections#4#raw_size,sections#4#virtual_size,sections#5#name,sections#5#entropy,sections#5#raw_size,sections#5#virtual_size,sections#6#name,sections#6#entropy,sections#6#raw_size,sections#6#virtual_size,sections#7#name,sections#7#entropy,sections#7#raw_size,sections#7#virtual_size,sections#8#name,sections#8#entropy,sections#8#raw_size,sections#8#virtual_size,sections#9#name,sections#9#entropy,sections#9#raw_size,sections#9#virtual_size,,,,,,,,,,,,,,,,,,,,,,,,,,,,,,,,,,,,,,,,
.text,6.21,468992,468504,.data,6.36,81408,80956,.rdata,5.28,28672,28384,.eh_fram,4.63,143872,143804,.bss,0,0,3040,.edata,0.96,512,80,.idata,4.61,3072,2588,.CRT,0.11,512,24,.tls,0.22,512,32,.reloc,6.69,19456,19248,,,,,,,,,,,,,,,,,,,,,,,,,,,,,,,,,,,,,,,,
sections#0#name,sections#0#entropy,sections#0#raw_size,sections#0#virtual_size,sections#1#name,sections#1#entropy,sections#1#raw_size,sections#1#virtual_size,sections#2#name,sections#2#entropy,sections#2#raw_size,sections#2#virtual_size,sections#3#name,sections#3#entropy,sections#3#raw_size,sections#3#virtual_size,sections#4#name,sections#4#entropy,sections#4#raw_size,sections#4#virtual_size,sections#5#name,sections#5#entropy,sections#5#raw_size,sections#5#virtual_size,,,,,,,,,,,,,,,,,,,,,,,,,,,,,,,,,,,,,,,,,,,,,,,,,,,,,,,,
.text,4.75,57344,54493,.rdata,3.01,8192,7408,.data,5.58,114688,113884,.idata,4.34,8192,7283,.rsrc,3.49,16384,13852,.reloc,3.69,8192,4610,,,,,,,,,,,,,,,,,,,,,,,,,,,,,,,,,,,,,,,,,,,,,,,,,,,,,,,,
sections#0#name,sections#0#entropy,sections#0#raw_size,sections#0#virtual_size,sections#1#name,sections#1#entropy,sections#1#raw_size,sections#1#virtual_size,sections#2#name,sections#2#entropy,sections#2#raw_size,sections#2#virtual_size,sections#3#name,sections#3#entropy,sections#3#raw_size,sections#3#virtual_size,,,,,,,,,,,,,,,,,,,,,,,,,,,,,,,,,,,,,,,,,,,,,,,,,,,,,,,,,,,,,,,,
.text,6.56,229376,229094,.rdata,6.15,148992,148698,.data,4.38,10752,25912,.rsrc,3.7,17920,17896,,,,,,,,,,,,,,,,,,,,,,,,,,,,,,,,,,,,,,,,,,,,,,,,,,,,,,,,,,,,,,,,
sections#0#name,sections#0#entropy,sections#0#raw_size,sections#0#virtual_size,sections#1#name,sections#1#entropy,sections#1#raw_size,sections#1#virtual_size,sections#2#name,sections#2#entropy,sections#2#raw_size,sections#2#virtual_size,sections#3#name,sections#3#entropy,sections#3#raw_size,sections#3#virtual_size,,,,,,,,,,,,,,,,,,,,,,,,,,,,,,,,,,,,,,,,,,,,,,,,,,,,,,,,,,,,,,,,
.text,5.36,124416,124357,.rdata,6.12,266752,266598,.data,0.36,1536,2028,.rsrc,4.23,5120,4840,,,,,,,,,,,,,,,,,,,,,,,,,,,,,,,,,,,,,,,,,,,,,,,,,,,,,,,,,,,,,,,,
sections#0#name,sections#0#entropy,sections#0#raw_size,sections#0#virtual_size,sections#1#name,sections#1#entropy,sections#1#raw_size,sections#1#virtual_size,sections#2#name,sections#2#entropy,sections#2#raw_size,sections#2#virtual_size,sections#3#name,sections#3#entropy,sections#3#raw_size,sections#3#virtual_size,sections#4#name,sections#4#entropy,sections#4#raw_size,sections#4#virtual_size,sections#5#name,sections#5#entropy,sections#5#raw_size,sections#5#virtual_size,,,,,,,,,,,,,,,,,,,,,,,,,,,,,,,,,,,,,,,,,,,,,,,,,,,,,,,,
.text,4.14,28672,26229,.rdata,0.67,4096,1185,.data,5.59,98304,98068,.idata,3.08,4096,2703,.rsrc,2.67,4096,4076,.reloc,2.63,4096,1701,,,,,,,,,,,,,,,,,,,,,,,,,,,,,,,,,,,,,,,,,,,,,,,,,,,,,,,,
sections#0#name,sections#0#entropy,sections#0#raw_size,sections#0#virtual_size,sections#1#name,sections#1#entropy,sections#1#raw_size,sections#1#virtual_size,sections#2#name,sections#2#entropy,sections#2#raw_size,sections#2#virtual_size,,,,,,,,,,,,,,,,,,,,,,,,,,,,,,,,,,,,,,,,,,,,,,,,,,,,,,,,,,,,,,,,,,,,
.text,5.34,196608,195088,.data,0,4096,18100,.rsrc,7.17,290816,289176,,,,,,,,,,,,,,,,,,,,,,,,,,,,,,,,,,,,,,,,,,,,,,,,,,,,,,,,,,,,,,,,,,,,
sections#0#name,sections#0#entropy,sections#0#raw_size,sections#0#virtual_size,sections#1#name,sections#1#entropy,sections#1#raw_size,sections#1#virtual_size,sections#2#name,sections#2#entropy,sections#2#raw_size,sections#2#virtual_size,sections#3#name,sections#3#entropy,sections#3#raw_size,sections#3#virtual_size,,,,,,,,,,,,,,,,,,,,,,,,,,,,,,,,,,,,,,,,,,,,,,,,,,,,,,,,,,,,,,,,
.text,6.38,132096,131732,.rdata,6.13,268800,268598,.data,2.79,6656,13512,.rsrc,4.15,5120,4736,,,,,,,,,,,,,,,,,,,,,,,,,,,,,,,,,,,,,,,,,,,,,,,,,,,,,,,,,,,,,,,,
sections#0#name,sections#0#entropy,sections#0#raw_size,sections#0#virtual_size,sections#1#name,sections#1#entropy,sections#1#raw_size,sections#1#virtual_size,sections#2#name,sections#2#entropy,sections#2#raw_size,sections#2#virtual_size,sections#3#name,sections#3#entropy,sections#3#raw_size,sections#3#virtual_size,,,,,,,,,,,,,,,,,,,,,,,,,,,,,,,,,,,,,,,,,,,,,,,,,,,,,,,,,,,,,,,,
.text,6.65,217088,216960,.rdata,6.1,151552,149066,.data,3.91,12288,25948,.rsrc,4.02,20480,17920,,,,,,,,,,,,,,,,,,,,,,,,,,,,,,,,,,,,,,,,,,,,,,,,,,,,,,,,,,,,,,,,
sections#0#name,sections#0#entropy,sections#0#raw_size,sections#0#virtual_size,sections#1#name,sections#1#entropy,sections#1#raw_size,sections#1#virtual_size,sections#2#name,sections#2#entropy,sections#2#raw_size,sections#2#virtual_size,sections#3#name,sections#3#entropy,sections#3#raw_size,sections#3#virtual_size,,,,,,,,,,,,,,,,,,,,,,,,,,,,,,,,,,,,,,,,,,,,,,,,,,,,,,,,,,,,,,,,
.text,6.56,229376,229094,.rdata,6.15,148992,148698,.data,4.38,10752,25912,.rsrc,3.7,17920,17896,,,,,,,,,,,,,,,,,,,,,,,,,,,,,,,,,,,,,,,,,,,,,,,,,,,,,,,,,,,,,,,,
sections#0#name,sections#0#entropy,sections#0#raw_size,sections#0#virtual_size,sections#1#name,sections#1#entropy,sections#1#raw_size,sections#1#virtual_size,sections#2#name,sections#2#entropy,sections#2#raw_size,sections#2#virtual_size,sections#3#name,sections#3#entropy,sections#3#raw_size,sections#3#virtual_size,sections#4#name,sections#4#entropy,sections#4#raw_size,sections#4#virtual_size,sections#5#name,sections#5#entropy,sections#5#raw_size,sections#5#virtual_size,sections#6#name,sections#6#entropy,sections#6#raw_size,sections#6#virtual_size,sections#7#name,sections#7#entropy,sections#7#raw_size,sections#7#virtual_size,sections#8#name,sections#8#entropy,sections#8#raw_size,sections#8#virtual_size,sections#9#name,sections#9#entropy,sections#9#raw_size,sections#9#virtual_size,sections#10#name,sections#10#entropy,sections#10#raw_size,sections#10#virtual_size,sections#11#name,sections#11#entropy,sections#11#raw_size,sections#11#virtual_size,sections#12#name,sections#12#entropy,sections#12#raw_size,sections#12#virtual_size,sections#13#name,sections#13#entropy,sections#13#raw_size,sections#13#virtual_size,sections#14#name,sections#14#entropy,sections#14#raw_size,sections#14#virtual_size,sections#15#name,sections#15#entropy,sections#15#raw_size,sections#15#virtual_size,sections#16#name,sections#16#entropy,sections#16#raw_size,sections#16#virtual_size,sections#17#name,sections#17#entropy,sections#17#raw_size,sections#17#virtual_size,sections#18#name,sections#18#entropy,sections#18#raw_size,sections#18#virtual_size,sections#19#name,sections#19#entropy,sections#19#raw_size,sections#19#virtual_size
.text,5.91,10240,9792,.data,7.99,55808,55696,.rdata,3.25,1024,528,.bss,0,0,728,.edata,1.01,512,84,.idata,4.55,2048,1752,.CRT,0.11,512,24,.tls,0.22,512,32,.rsrc,1.51,512,220,.reloc,5.89,512,496,/4,1.22,512,256,/19,4.41,1024,931,/35,4.47,1536,1266,/51,5.92,14336,14134,/63,4.09,3072,2657,/77,4.79,2560,2104,/89,3.6,1536,1044,/102,3.27,512,271,/113,3.12,3072,3015,/124,0.37,512,72
sections#0#name,sections#0#entropy,sections#0#raw_size,sections#0#virtual_size,sections#1#name,sections#1#entropy,sections#1#raw_size,sections#1#virtual_size,sections#2#name,sections#2#entropy,sections#2#raw_size,sections#2#virtual_size,,,,,,,,,,,,,,,,,,,,,,,,,,,,,,,,,,,,,,,,,,,,,,,,,,,,,,,,,,,,,,,,,,,,
.text,5.34,196608,195088,.data,0,4096,18100,.rsrc,7.17,290816,289176,,,,,,,,,,,,,,,,,,,,,,,,,,,,,,,,,,,,,,,,,,,,,,,,,,,,,,,,,,,,,,,,,,,,
sections#0#name,sections#0#entropy,sections#0#raw_size,sections#0#virtual_size,sections#1#name,sections#1#entropy,sections#1#raw_size,sections#1#virtual_size,sections#2#name,sections#2#entropy,sections#2#raw_size,sections#2#virtual_size,sections#3#name,sections#3#entropy,sections#3#raw_size,sections#3#virtual_size,,,,,,,,,,,,,,,,,,,,,,,,,,,,,,,,,,,,,,,,,,,,,,,,,,,,,,,,,,,,,,,,
.text,5.36,124416,124357,.rdata,6.12,266752,266598,.data,0.36,1536,2028,.rsrc,4.23,5120,4840,,,,,,,,,,,,,,,,,,,,,,,,,,,,,,,,,,,,,,,,,,,,,,,,,,,,,,,,,,,,,,,,
sections#0#name,sections#0#entropy,sections#0#raw_size,sections#0#virtual_size,sections#1#name,sections#1#entropy,sections#1#raw_size,sections#1#virtual_size,sections#2#name,sections#2#entropy,sections#2#raw_size,sections#2#virtual_size,sections#3#name,sections#3#entropy,sections#3#raw_size,sections#3#virtual_size,sections#4#name,sections#4#entropy,sections#4#raw_size,sections#4#virtual_size,sections#5#name,sections#5#entropy,sections#5#raw_size,sections#5#virtual_size,,,,,,,,,,,,,,,,,,,,,,,,,,,,,,,,,,,,,,,,,,,,,,,,,,,,,,,,
.text,4.75,57344,54493,.rdata,3.01,8192,7408,.data,5.58,114688,113884,.idata,4.34,8192,7283,.rsrc,3.49,16384,13852,.reloc,3.69,8192,4610,,,,,,,,,,,,,,,,,,,,,,,,,,,,,,,,,,,,,,,,,,,,,,,,,,,,,,,,
sections#0#name,sections#0#entropy,sections#0#raw_size,sections#0#virtual_size,sections#1#name,sections#1#entropy,sections#1#raw_size,sections#1#virtual_size,sections#2#name,sections#2#entropy,sections#2#raw_size,sections#2#virtual_size,,,,,,,,,,,,,,,,,,,,,,,,,,,,,,,,,,,,,,,,,,,,,,,,,,,,,,,,,,,,,,,,,,,,
.text,5.34,196608,195088,.data,0,4096,18100,.rsrc,7.17,290816,289176,,,,,,,,,,,,,,,,,,,,,,,,,,,,,,,,,,,,,,,,,,,,,,,,,,,,,,,,,,,,,,,,,,,,
sections#0#name,sections#0#entropy,sections#0#raw_size,sections#0#virtual_size,sections#1#name,sections#1#entropy,sections#1#raw_size,sections#1#virtual_size,sections#2#name,sections#2#entropy,sections#2#raw_size,sections#2#virtual_size,sections#3#name,sections#3#entropy,sections#3#raw_size,sections#3#virtual_size,sections#4#name,sections#4#entropy,sections#4#raw_size,sections#4#virtual_size,sections#5#name,sections#5#entropy,sections#5#raw_size,sections#5#virtual_size,sections#6#name,sections#6#entropy,sections#6#raw_size,sections#6#virtual_size,sections#7#name,sections#7#entropy,sections#7#raw_size,sections#7#virtual_size,sections#8#name,sections#8#entropy,sections#8#raw_size,sections#8#virtual_size,sections#9#name,sections#9#entropy,sections#9#raw_size,sections#9#virtual_size,,,,,,,,,,,,,,,,,,,,,,,,,,,,,,,,,,,,,,,,
.text,6.22,468992,468504,.data,6.59,91648,91196,.rdata,5.28,28672,28384,.eh_fram,4.63,143872,143804,.bss,0,0,3040,.edata,0.96,512,80,.idata,4.65,3072,2588,.CRT,0.11,512,24,.tls,0.22,512,32,.reloc,6.69,19456,19248,,,,,,,,,,,,,,,,,,,,,,,,,,,,,,,,,,,,,,,,
sections#0#name,sections#0#entropy,sections#0#raw_size,sections#0#virtual_size,sections#1#name,sections#1#entropy,sections#1#raw_size,sections#1#virtual_size,sections#2#name,sections#2#entropy,sections#2#raw_size,sections#2#virtual_size,sections#3#name,sections#3#entropy,sections#3#raw_size,sections#3#virtual_size,,,,,,,,,,,,,,,,,,,,,,,,,,,,,,,,,,,,,,,,,,,,,,,,,,,,,,,,,,,,,,,,
.text,6.44,192512,188757,.rdata,4.39,45056,41538,.data,6.14,90112,109992,.rsrc,3.43,16384,13464,,,,,,,,,,,,,,,,,,,,,,,,,,,,,,,,,,,,,,,,,,,,,,,,,,,,,,,,,,,,,,,,
sections#0#name,sections#0#entropy,sections#0#raw_size,sections#0#virtual_size,sections#1#name,sections#1#entropy,sections#1#raw_size,sections#1#virtual_size,sections#2#name,sections#2#entropy,sections#2#raw_size,sections#2#virtual_size,sections#3#name,sections#3#entropy,sections#3#raw_size,sections#3#virtual_size,sections#4#name,sections#4#entropy,sections#4#raw_size,sections#4#virtual_size,sections#5#name,sections#5#entropy,sections#5#raw_size,sections#5#virtual_size,sections#6#name,sections#6#entropy,sections#6#raw_size,sections#6#virtual_size,sections#7#name,sections#7#entropy,sections#7#raw_size,sections#7#virtual_size,,,,,,,,,,,,,,,,,,,,,,,,,,,,,,,,,,,,,,,,,,,,,,,,
.text,5.95,470528,470168,.data,1.23,1024,616,.rdata,6.25,117760,117728,.bss,0,0,27520,.idata,5.03,4096,3772,.CRT,0.11,512,24,.tls,0.22,512,32,.rsrc,5.57,3584,3204,,,,,,,,,,,,,,,,,,,,,,,,,,,,,,,,,,,,,,,,,,,,,,,,
sections#0#name,sections#0#entropy,sections#0#raw_size,sections#0#virtual_size,sections#1#name,sections#1#entropy,sections#1#raw_size,sections#1#virtual_size,sections#2#name,sections#2#entropy,sections#2#raw_size,sections#2#virtual_size,sections#3#name,sections#3#entropy,sections#3#raw_size,sections#3#virtual_size,,,,,,,,,,,,,,,,,,,,,,,,,,,,,,,,,,,,,,,,,,,,,,,,,,,,,,,,,,,,,,,,
.text,6.56,229376,229094,.rdata,6.15,148992,148698,.data,4.38,10752,25912,.rsrc,3.7,17920,17896,,,,,,,,,,,,,,,,,,,,,,,,,,,,,,,,,,,,,,,,,,,,,,,,,,,,,,,,,,,,,,,,
sections#0#name,sections#0#entropy,sections#0#raw_size,sections#0#virtual_size,sections#1#name,sections#1#entropy,sections#1#raw_size,sections#1#virtual_size,sections#2#name,sections#2#entropy,sections#2#raw_size,sections#2#virtual_size,sections#3#name,sections#3#entropy,sections#3#raw_size,sections#3#virtual_size,,,,,,,,,,,,,,,,,,,,,,,,,,,,,,,,,,,,,,,,,,,,,,,,,,,,,,,,,,,,,,,,
.text,6.25,23552,23331,.rdata,6.07,239104,238726,.data,0.9,2048,2772,.rsrc,5.19,1024,688,,,,,,,,,,,,,,,,,,,,,,,,,,,,,,,,,,,,,,,,,,,,,,,,,,,,,,,,,,,,,,,,
sections#0#name,sections#0#entropy,sections#0#raw_size,sections#0#virtual_size,sections#1#name,sections#1#entropy,sections#1#raw_size,sections#1#virtual_size,sections#2#name,sections#2#entropy,sections#2#raw_size,sections#2#virtual_size,sections#3#name,sections#3#entropy,sections#3#raw_size,sections#3#virtual_size,sections#4#name,sections#4#entropy,sections#4#raw_size,sections#4#virtual_size,sections#5#name,sections#5#entropy,sections#5#raw_size,sections#5#virtual_size,sections#6#name,sections#6#entropy,sections#6#raw_size,sections#6#virtual_size,sections#7#name,sections#7#entropy,sections#7#raw_size,sections#7#virtual_size,sections#8#name,sections#8#entropy,sections#8#raw_size,sections#8#virtual_size,sections#9#name,sections#9#entropy,sections#9#raw_size,sections#9#virtual_size,,,,,,,,,,,,,,,,,,,,,,,,,,,,,,,,,,,,,,,,
.text,6.22,468992,468504,.data,6.59,91648,91196,.rdata,5.28,28672,28384,.eh_fram,4.63,143872,143804,.bss,0,0,3040,.edata,0.96,512,80,.idata,4.65,3072,2588,.CRT,0.11,512,24,.tls,0.22,512,32,.reloc,6.69,19456,19248,,,,,,,,,,,,,,,,,,,,,,,,,,,,,,,,,,,,,,,,
sections#0#name,sections#0#entropy,sections#0#raw_size,sections#0#virtual_size,sections#1#name,sections#1#entropy,sections#1#raw_size,sections#1#virtual_size,sections#2#name,sections#2#entropy,sections#2#raw_size,sections#2#virtual_size,sections#3#name,sections#3#entropy,sections#3#raw_size,sections#3#virtual_size,,,,,,,,,,,,,,,,,,,,,,,,,,,,,,,,,,,,,,,,,,,,,,,,,,,,,,,,,,,,,,,,
.text,6.53,155648,155585,.rdata,6.11,130048,129704,.data,3.68,7168,18504,.rsrc,3.2,11264,10993,,,,,,,,,,,,,,,,,,,,,,,,,,,,,,,,,,,,,,,,,,,,,,,,,,,,,,,,,,,,,,,,
sections#0#name,sections#0#entropy,sections#0#raw_size,sections#0#virtual_size,sections#1#name,sections#1#entropy,sections#1#raw_size,sections#1#virtual_size,sections#2#name,sections#2#entropy,sections#2#raw_size,sections#2#virtual_size,sections#3#name,sections#3#entropy,sections#3#raw_size,sections#3#virtual_size,,,,,,,,,,,,,,,,,,,,,,,,,,,,,,,,,,,,,,,,,,,,,,,,,,,,,,,,,,,,,,,,
.text,6.65,217088,216960,.rdata,6.1,151552,149066,.data,3.91,12288,25948,.rsrc,4.02,20480,17920,,,,,,,,,,,,,,,,,,,,,,,,,,,,,,,,,,,,,,,,,,,,,,,,,,,,,,,,,,,,,,,,
sections#0#name,sections#0#entropy,sections#0#raw_size,sections#0#virtual_size,sections#1#name,sections#1#entropy,sections#1#raw_size,sections#1#virtual_size,sections#2#name,sections#2#entropy,sections#2#raw_size,sections#2#virtual_size,sections#3#name,sections#3#entropy,sections#3#raw_size,sections#3#virtual_size,sections#4#name,sections#4#entropy,sections#4#raw_size,sections#4#virtual_size,sections#5#name,sections#5#entropy,sections#5#raw_size,sections#5#virtual_size,,,,,,,,,,,,,,,,,,,,,,,,,,,,,,,,,,,,,,,,,,,,,,,,,,,,,,,,
.text,4.75,57344,54493,.rdata,3.01,8192,7408,.data,5.58,114688,113884,.idata,4.34,8192,7283,.rsrc,3.49,16384,13852,.reloc,3.69,8192,4610,,,,,,,,,,,,,,,,,,,,,,,,,,,,,,,,,,,,,,,,,,,,,,,,,,,,,,,,
sections#0#name,sections#0#entropy,sections#0#raw_size,sections#0#virtual_size,sections#1#name,sections#1#entropy,sections#1#raw_size,sections#1#virtual_size,sections#2#name,sections#2#entropy,sections#2#raw_size,sections#2#virtual_size,sections#3#name,sections#3#entropy,sections#3#raw_size,sections#3#virtual_size,,,,,,,,,,,,,,,,,,,,,,,,,,,,,,,,,,,,,,,,,,,,,,,,,,,,,,,,,,,,,,,,
.text,6.53,155648,155601,.rdata,6.1,123392,122888,.data,3.68,7168,18504,.rsrc,3.2,11264,10993,,,,,,,,,,,,,,,,,,,,,,,,,,,,,,,,,,,,,,,,,,,,,,,,,,,,,,,,,,,,,,,,
sections#0#name,sections#0#entropy,sections#0#raw_size,sections#0#virtual_size,sections#1#name,sections#1#entropy,sections#1#raw_size,sections#1#virtual_size,sections#2#name,sections#2#entropy,sections#2#raw_size,sections#2#virtual_size,sections#3#name,sections#3#entropy,sections#3#raw_size,sections#3#virtual_size,,,,,,,,,,,,,,,,,,,,,,,,,,,,,,,,,,,,,,,,,,,,,,,,,,,,,,,,,,,,,,,,
.text,6.56,229376,229094,.rdata,6.15,148992,148698,.data,4.38,10752,25912,.rsrc,3.7,17920,17896,,,,,,,,,,,,,,,,,,,,,,,,,,,,,,,,,,,,,,,,,,,,,,,,,,,,,,,,,,,,,,,,
sections#0#name,sections#0#entropy,sections#0#raw_size,sections#0#virtual_size,sections#1#name,sections#1#entropy,sections#1#raw_size,sections#1#virtual_size,sections#2#name,sections#2#entropy,sections#2#raw_size,sections#2#virtual_size,sections#3#name,sections#3#entropy,sections#3#raw_size,sections#3#virtual_size,,,,,,,,,,,,,,,,,,,,,,,,,,,,,,,,,,,,,,,,,,,,,,,,,,,,,,,,,,,,,,,,
.text,6.76,106496,104220,.rdata,6.06,32768,30818,.data,2.91,8192,13560,.rsrc,6.81,147456,143816,,,,,,,,,,,,,,,,,,,,,,,,,,,,,,,,,,,,,,,,,,,,,,,,,,,,,,,,,,,,,,,,
sections#0#name,sections#0#entropy,sections#0#raw_size,sections#0#virtual_size,sections#1#name,sections#1#entropy,sections#1#raw_size,sections#1#virtual_size,sections#2#name,sections#2#entropy,sections#2#raw_size,sections#2#virtual_size,sections#3#name,sections#3#entropy,sections#3#raw_size,sections#3#virtual_size,,,,,,,,,,,,,,,,,,,,,,,,,,,,,,,,,,,,,,,,,,,,,,,,,,,,,,,,,,,,,,,,
.text,7.02,45056,43366,.rdata,5.32,4096,4070,.data,4.41,16384,28764,.rsrc,1.96,4096,1992,,,,,,,,,,,,,,,,,,,,,,,,,,,,,,,,,,,,,,,,,,,,,,,,,,,,,,,,,,,,,,,,