files_opened,files_written,has_pcap,modules_loaded,mutexes_created,processes_created,processes_injected
files_deleted,files_opened,files_written,has_pcap,modules_loaded,mutexes_created,mutexes_opened,processes_created,processes_injected,services_opened
dns_lookups,has_pcap,modules_loaded,mutexes_created,mutexes_opened
files_opened,files_written,has_pcap,modules_loaded,mutexes_created,processes_created
has_pcap,modules_loaded
files_deleted,files_opened,files_written,has_pcap,http_conversations,ip_traffic,modules_loaded,mutexes_created,mutexes_opened,processes_created,processes_injected,services_opened
files_opened,files_written,has_pcap,modules_loaded,mutexes_created,processes_created,processes_injected
files_opened,files_written,has_pcap,modules_loaded,mutexes_created,processes_created,processes_injected
files_deleted,files_opened,files_written,has_pcap,modules_loaded,mutexes_created,processes_created
files_deleted,files_opened,files_written,has_pcap,modules_loaded,mutexes_created,processes_created
has_pcap,modules_loaded
files_deleted,files_opened,files_written,has_pcap,modules_loaded,mutexes_created,mutexes_opened,processes_created,services_opened
files_deleted,files_opened,files_written,has_pcap,modules_loaded,mutexes_created,processes_created
files_opened,files_written,has_pcap,ip_traffic,modules_loaded,mutexes_created,processes_created,processes_injected
has_pcap,modules_loaded
files_opened,files_written,has_pcap,ip_traffic,modules_loaded,mutexes_created,processes_created
files_opened,files_written,has_pcap,ip_traffic,modules_loaded,mutexes_created,processes_created,processes_injected
files_deleted,files_opened,files_written,has_pcap,ip_traffic,modules_loaded,mutexes_created,mutexes_opened,processes_created,services_opened
has_pcap,modules_loaded
files_opened,files_written,has_pcap,modules_loaded,mutexes_created,processes_created,processes_injected
files_deleted,files_opened,files_written,has_pcap,modules_loaded,mutexes_created,mutexes_opened,processes_created,services_opened
files_deleted,files_opened,files_written,has_pcap,ip_traffic,modules_loaded,mutexes_created,mutexes_opened,processes_created,services_opened
has_pcap,modules_loaded
has_pcap,modules_loaded
files_opened,files_written,has_pcap,modules_loaded,mutexes_created,processes_created,processes_injected
files_opened,files_written,has_pcap,modules_loaded,mutexes_created,processes_created
files_opened,files_written,has_pcap,ip_traffic,modules_loaded,mutexes_created,processes_created,processes_injected
has_pcap,modules_loaded
files_opened,files_written,has_pcap,modules_loaded,mutexes_created,processes_created
files_opened,files_written,has_pcap,modules_loaded,mutexes_created,processes_created,processes_injected
files_deleted,files_opened,files_written,has_pcap,modules_loaded,mutexes_created,mutexes_opened,processes_created,processes_injected,services_opened
dns_lookups,has_pcap,modules_loaded,mutexes_created,mutexes_opened
files_opened,files_written,has_pcap,modules_loaded,mutexes_created,processes_created
has_pcap,modules_loaded
files_deleted,files_opened,files_written,has_pcap,http_conversations,ip_traffic,modules_loaded,mutexes_created,mutexes_opened,processes_created,processes_injected,services_opened
files_opened,files_written,has_pcap,modules_loaded,mutexes_created,processes_created,processes_injected
files_opened,files_written,has_pcap,modules_loaded,mutexes_created,processes_created,processes_injected
files_deleted,files_opened,files_written,has_pcap,modules_loaded,mutexes_created,processes_created
files_deleted,files_opened,files_written,has_pcap,modules_loaded,mutexes_created,processes_created
has_pcap,modules_loaded
files_deleted,files_opened,files_written,has_pcap,modules_loaded,mutexes_created,mutexes_opened,processes_created,services_opened
files_deleted,files_opened,files_written,has_pcap,modules_loaded,mutexes_created,processes_created
files_opened,files_written,has_pcap,ip_traffic,modules_loaded,mutexes_created,processes_created,processes_injected
has_pcap,modules_loaded
files_opened,files_written,has_pcap,ip_traffic,modules_loaded,mutexes_created,processes_created
files_opened,files_written,has_pcap,ip_traffic,modules_loaded,mutexes_created,processes_created,processes_injected
files_deleted,files_opened,files_written,has_pcap,ip_traffic,modules_loaded,mutexes_created,mutexes_opened,processes_created,services_opened
has_pcap,modules_loaded
files_opened,files_written,has_pcap,modules_loaded,mutexes_created,processes_created,processes_injected
files_deleted,files_opened,files_written,has_pcap,modules_loaded,mutexes_created,mutexes_opened,processes_created,services_opened
files_deleted,files_opened,files_written,has_pcap,ip_traffic,modules_loaded,mutexes_created,mutexes_opened,processes_created,services_opened
has_pcap,modules_loaded
has_pcap,modules_loaded
files_opened,files_written,has_pcap,modules_loaded,mutexes_created,processes_created,processes_injected
files_opened,files_written,has_pcap,modules_loaded,mutexes_created,processes_created
files_opened,files_written,has_pcap,ip_traffic,modules_loaded,mutexes_created,processes_created,processes_injected
has_pcap,modules_loaded
files_opened,files_written,has_pcap,modules_loaded,mutexes_created,processes_created
has_pcap,modules_loaded
has_pcap,modules_loaded
has_pcap,modules_loaded
has_pcap,modules_loaded
has_pcap,modules_loaded
has_pcap,modules_loaded
files_opened,has_pcap,modules_loaded,mutexes_created,mutexes_opened,services_opened
has_pcap,modules_loaded
has_pcap,modules_loaded
has_pcap,modules_loaded
has_pcap,modules_loaded
has_pcap,modules_loaded
files_opened,has_pcap,modules_loaded,mutexes_created,processes_created
has_pcap,modules_loaded
files_opened,has_pcap,modules_loaded,mutexes_created,processes_created
files_opened,has_pcap,modules_loaded
has_pcap,modules_loaded
has_pcap,modules_loaded
dns_lookups,has_pcap
files_opened,has_pcap,modules_loaded
files_opened,has_pcap,modules_loaded,mutexes_created,processes_created
files_opened,has_pcap,modules_loaded
has_pcap,modules_loaded
files_opened,has_pcap,http_conversations,ip_traffic,modules_loaded,mutexes_created,mutexes_opened,services_opened
files_opened,has_pcap,modules_loaded,mutexes_created,mutexes_opened,services_opened
files_opened,has_pcap,modules_loaded,mutexes_created,mutexes_opened,services_opened
has_pcap,modules_loaded
has_pcap,modules_loaded
files_deleted,files_opened,files_written,has_pcap,modules_loaded,mutexes_created,processes_created
dns_lookups,files_opened,has_pcap,http_conversations,ip_traffic,modules_loaded,mutexes_created,mutexes_opened,services_opened
has_pcap,modules_loaded
has_pcap,modules_loaded
has_pcap,modules_loaded
has_pcap,modules_loaded
has_pcap,modules_loaded
has_pcap,modules_loaded
has_pcap,modules_loaded
files_opened,has_pcap,modules_loaded,mutexes_created,mutexes_opened,services_opened
has_pcap,modules_loaded
has_pcap,modules_loaded
has_pcap,modules_loaded
has_pcap,modules_loaded
has_pcap,modules_loaded
files_opened,has_pcap,modules_loaded,mutexes_created,processes_created
has_pcap,modules_loaded
files_opened,has_pcap,modules_loaded,mutexes_created,processes_created
files_opened,has_pcap,modules_loaded
has_pcap,modules_loaded
has_pcap,modules_loaded
dns_lookups,has_pcap
files_opened,has_pcap,modules_loaded
files_opened,has_pcap,modules_loaded,mutexes_created,processes_created
files_opened,has_pcap,modules_loaded
has_pcap,modules_loaded
files_opened,has_pcap,http_conversations,ip_traffic,modules_loaded,mutexes_created,mutexes_opened,services_opened
files_opened,has_pcap,modules_loaded,mutexes_created,mutexes_opened,services_opened
files_opened,has_pcap,modules_loaded,mutexes_created,mutexes_opened,services_opened
has_pcap,modules_loaded
has_pcap,modules_loaded
files_deleted,files_opened,files_written,has_pcap,modules_loaded,mutexes_created,processes_created
dns_lookups,files_opened,has_pcap,http_conversations,ip_traffic,modules_loaded,mutexes_created,mutexes_opened,services_opened
has_pcap,modules_loaded
has_pcap,modules_loaded
files_opened,has_pcap,modules_loaded
has_pcap,modules_loaded
files_opened,has_pcap,ip_traffic,modules_loaded
files_opened,has_pcap,ip_traffic,modules_loaded,mutexes_created,mutexes_opened,services_opened
has_pcap,ip_traffic,modules_loaded
files_deleted,files_opened,files_written,has_pcap,modules_loaded,mutexes_opened
has_pcap,modules_loaded
has_pcap,modules_loaded
files_opened,has_pcap,ip_traffic,modules_loaded,mutexes_created,mutexes_opened,services_opened
has_pcap,ip_traffic,modules_loaded
has_pcap,modules_loaded
files_deleted,files_opened,has_pcap,modules_loaded,mutexes_opened
has_pcap,modules_loaded
has_pcap,modules_loaded
files_opened,files_written,has_pcap,ip_traffic,modules_loaded,mutexes_created,processes_created,processes_injected
has_pcap,modules_loaded
has_pcap,modules_loaded
has_pcap,processes_created
dns_lookups,files_opened,has_pcap,ip_traffic,modules_loaded,mutexes_created,mutexes_opened,services_opened
has_pcap,modules_loaded
command_executions,files_deleted,files_opened,files_written,has_pcap,modules_loaded,mutexes_created,processes_created
files_deleted,files_opened,has_pcap,modules_loaded,mutexes_created,processes_created
calls_highlighted,dns_lookups,files_copied,files_deleted,files_dropped,files_opened,files_written,has_pcap,ip_traffic,ja3_digests,modules_loaded,mutexes_created,mutexes_opened,processes_tree,registry_keys_opened,registry_keys_set,services_opened,text_highlighted
dns_lookups,has_pcap,ip_traffic
dns_lookups,has_pcap,http_conversations,ip_traffic
dns_lookups,has_pcap,http_conversations,ip_traffic
dns_lookups,has_pcap,http_conversations,ip_traffic
dns_lookups,has_pcap,http_conversations,ip_traffic
dns_lookups,has_pcap,http_conversations,ip_traffic
files_opened,files_written,has_pcap,modules_loaded,mutexes_created,processes_created,processes_injected
command_executions,files_copied,files_opened,files_written,has_pcap,ip_traffic,modules_loaded,mutexes_created,processes_created,processes_injected,windows_searched
command_executions,files_copied,files_opened,files_written,has_pcap,ip_traffic,modules_loaded,mutexes_created,processes_created
command_executions,files_copied,files_deleted,files_opened,files_written,has_pcap,modules_loaded,mutexes_created,processes_created
command_executions,dns_lookups,files_copied,files_deleted,files_opened,files_written,has_pcap,ip_traffic,modules_loaded,mutexes_created,processes_created,windows_searched
files_copied,files_deleted,files_opened,has_pcap,ip_traffic,modules_loaded,mutexes_created,processes_created
command_executions,files_copied,files_deleted,files_opened,files_written,has_pcap,ip_traffic,modules_loaded,mutexes_created,processes_created
files_deleted,files_opened,files_written,has_pcap,modules_loaded,mutexes_created,mutexes_opened,processes_created
has_pcap,modules_loaded
dns_lookups,has_pcap,http_conversations,ip_traffic
files_deleted,files_opened,files_written,has_pcap,ip_traffic,modules_loaded,processes_created
files_deleted,files_opened,files_written,has_pcap,ip_traffic,modules_loaded,mutexes_created,processes_created,processes_injected
files_deleted,files_opened,files_written,has_pcap,ip_traffic,modules_loaded,mutexes_opened,processes_created
files_deleted,files_opened,files_written,has_pcap,ip_traffic,modules_loaded,processes_created
files_deleted,files_opened,files_written,has_pcap,ip_traffic,modules_loaded,mutexes_opened,processes_created
dns_lookups,has_pcap,ip_traffic
dns_lookups,has_pcap,ip_traffic
dns_lookups,has_pcap,http_conversations,ip_traffic
dns_lookups,has_pcap,ip_traffic
dns_lookups,has_pcap,http_conversations,ip_traffic
dns_lookups,has_pcap,http_conversations,ip_traffic
dns_lookups,has_pcap,http_conversations,ip_traffic
dns_lookups,has_pcap,http_conversations,ip_traffic
dns_lookups,has_pcap,http_conversations,ip_traffic
dns_lookups,has_pcap,http_conversations,ip_traffic
dns_lookups,has_pcap,http_conversations,ip_traffic
files_opened,has_pcap,modules_loaded,signals_hooked
dns_lookups,has_pcap,http_conversations,ip_traffic
dns_lookups,has_pcap,ip_traffic
dns_lookups,has_pcap,ip_traffic
dns_lookups,has_pcap,ip_traffic
dns_lookups,has_pcap,http_conversations,ip_traffic
dns_lookups,has_pcap,ip_traffic
dns_lookups,has_pcap,ip_traffic
dns_lookups,has_pcap,ip_traffic
dns_lookups,has_pcap,http_conversations,ip_traffic
dns_lookups,has_pcap,http_conversations,ip_traffic
command_executions,dns_lookups,files_copied,files_deleted,files_opened,files_written,has_pcap,ip_traffic,modules_loaded,mutexes_created,mutexes_opened,processes_created,processes_injected,signals_hooked
dns_lookups,has_pcap,ip_traffic
dns_lookups,has_pcap,ip_traffic
dns_lookups,has_pcap,ip_traffic
has_pcap,ip_traffic
dns_lookups,has_pcap,ip_traffic
dns_lookups,has_pcap
calls_highlighted,dns_lookups,files_copied,files_deleted,files_dropped,files_opened,files_written,has_pcap,ip_traffic,ja3_digests,modules_loaded,mutexes_created,mutexes_opened,processes_tree,registry_keys_opened,registry_keys_set,services_opened,text_highlighted
dns_lookups,has_pcap,ip_traffic
dns_lookups,has_pcap,http_conversations,ip_traffic
dns_lookups,has_pcap,http_conversations,ip_traffic
dns_lookups,has_pcap,http_conversations,ip_traffic
dns_lookups,has_pcap,http_conversations,ip_traffic
dns_lookups,has_pcap,http_conversations,ip_traffic
files_opened,files_written,has_pcap,modules_loaded,mutexes_created,processes_created,processes_injected
command_executions,files_copied,files_opened,files_written,has_pcap,ip_traffic,modules_loaded,mutexes_created,processes_created,processes_injected,windows_searched
command_executions,files_copied,files_opened,files_written,has_pcap,ip_traffic,modules_loaded,mutexes_created,processes_created
command_executions,files_copied,files_deleted,files_opened,files_written,has_pcap,modules_loaded,mutexes_created,processes_created
command_executions,dns_lookups,files_copied,files_deleted,files_opened,files_written,has_pcap,ip_traffic,modules_loaded,mutexes_created,processes_created,windows_searched
files_copied,files_deleted,files_opened,has_pcap,ip_traffic,modules_loaded,mutexes_created,processes_created
command_executions,files_copied,files_deleted,files_opened,files_written,has_pcap,ip_traffic,modules_loaded,mutexes_created,processes_created
files_deleted,files_opened,files_written,has_pcap,modules_loaded,mutexes_created,mutexes_opened,processes_created
has_pcap,modules_loaded
dns_lookups,has_pcap,http_conversations,ip_traffic
files_deleted,files_opened,files_written,has_pcap,ip_traffic,modules_loaded,processes_created
files_deleted,files_opened,files_written,has_pcap,ip_traffic,modules_loaded,mutexes_created,processes_created,processes_injected
files_deleted,files_opened,files_written,has_pcap,ip_traffic,modules_loaded,mutexes_opened,processes_created
files_deleted,files_opened,files_written,has_pcap,ip_traffic,modules_loaded,processes_created
files_deleted,files_opened,files_written,has_pcap,ip_traffic,modules_loaded,mutexes_opened,processes_created
dns_lookups,has_pcap,ip_traffic
dns_lookups,has_pcap,ip_traffic
dns_lookups,has_pcap,http_conversations,ip_traffic
dns_lookups,has_pcap,ip_traffic
dns_lookups,has_pcap,http_conversations,ip_traffic
dns_lookups,has_pcap,http_conversations,ip_traffic
dns_lookups,has_pcap,http_conversations,ip_traffic
dns_lookups,has_pcap,http_conversations,ip_traffic
dns_lookups,has_pcap,http_conversations,ip_traffic
dns_lookups,has_pcap,http_conversations,ip_traffic
dns_lookups,has_pcap,http_conversations,ip_traffic
files_opened,has_pcap,modules_loaded,signals_hooked
dns_lookups,has_pcap,http_conversations,ip_traffic
dns_lookups,has_pcap,ip_traffic
dns_lookups,has_pcap,ip_traffic
dns_lookups,has_pcap,ip_traffic
dns_lookups,has_pcap,http_conversations,ip_traffic
dns_lookups,has_pcap,ip_traffic
dns_lookups,has_pcap,ip_traffic
dns_lookups,has_pcap,ip_traffic
dns_lookups,has_pcap,http_conversations,ip_traffic
dns_lookups,has_pcap,http_conversations,ip_traffic
command_executions,dns_lookups,files_copied,files_deleted,files_opened,files_written,has_pcap,ip_traffic,modules_loaded,mutexes_created,mutexes_opened,processes_created,processes_injected,signals_hooked
dns_lookups,has_pcap,ip_traffic
dns_lookups,has_pcap,ip_traffic
dns_lookups,has_pcap,ip_traffic
dns_lookups,has_pcap,ip_traffic
dns_lookups,has_pcap,ip_traffic
dns_lookups,has_pcap,ip_traffic
dns_lookups,has_pcap,ip_traffic
dns_lookups,has_pcap,ip_traffic
dns_lookups,has_pcap,http_conversations,ip_traffic
dns_lookups,has_pcap,http_conversations,ip_traffic
dns_lookups,has_pcap,ip_traffic
dns_lookups,has_pcap,ip_traffic
dns_lookups,has_pcap,ip_traffic
dns_lookups,has_pcap,hosts_file,ip_traffic
dns_lookups,has_pcap,hosts_file,http_conversations,ip_traffic
dns_lookups,has_pcap
dns_lookups,has_pcap
files_opened,has_pcap,modules_loaded
has_pcap,modules_loaded,signals_hooked
dns_lookups,has_pcap,ip_traffic
files_copied,files_deleted,files_opened,files_written,has_pcap,modules_loaded,mutexes_created,mutexes_opened,signals_hooked
has_pcap,modules_loaded,signals_hooked
files_opened,has_pcap,modules_loaded,signals_hooked
has_pcap,modules_loaded,signals_hooked
dns_lookups,has_pcap,http_conversations,ip_traffic
files_opened,files_written,has_pcap,modules_loaded,mutexes_created,processes_created,processes_injected
files_opened,files_written,has_pcap,modules_loaded,mutexes_created,processes_created,processes_injected
files_opened,files_written,has_pcap,modules_loaded,mutexes_created,processes_created,processes_injected
has_pcap,ip_traffic
files_copied,files_deleted,files_opened,has_pcap,modules_loaded,mutexes_created,processes_created
files_copied,files_deleted,files_opened,has_pcap,modules_loaded,mutexes_created,processes_created
calls_highlighted,dns_lookups,files_dropped,files_opened,files_written,has_pcap,ip_traffic,ja3_digests,modules_loaded,mutexes_created,mutexes_opened,processes_terminated,processes_tree,registry_keys_opened,registry_keys_set,services_opened,tags,text_highlighted
calls_highlighted,files_opened,files_written,has_pcap,modules_loaded,registry_keys_opened,registry_keys_set,tags,text_highlighted
calls_highlighted,files_opened,has_pcap,modules_loaded,registry_keys_opened,registry_keys_set,tags,text_highlighted
command_executions,dns_lookups,files_opened,has_pcap,ip_traffic,modules_loaded,mutexes_created,mutexes_opened,services_opened,windows_searched
calls_highlighted,files_opened,files_written,has_pcap,modules_loaded,mutexes_created,registry_keys_opened,registry_keys_set,tags,text_highlighted
calls_highlighted,dns_lookups,files_opened,has_pcap,http_conversations,ip_traffic,ja3_digests,modules_loaded,mutexes_created,registry_keys_opened,tags
files_opened,files_written,has_pcap,modules_loaded,mutexes_created,processes_created,processes_injected,windows_searched
calls_highlighted,files_opened,has_pcap,modules_loaded,mutexes_created,registry_keys_opened,registry_keys_set,tags,text_highlighted
calls_highlighted,dns_lookups,files_dropped,files_opened,files_written,has_pcap,ip_traffic,ja3_digests,modules_loaded,mutexes_created,registry_keys_opened,registry_keys_set,tags,text_highlighted
calls_highlighted,dns_lookups,files_dropped,files_opened,files_written,has_pcap,ip_traffic,ja3_digests,modules_loaded,mutexes_created,registry_keys_opened,registry_keys_set,tags,text_highlighted
command_executions,dns_lookups,files_opened,has_pcap,http_conversations,ip_traffic,modules_loaded,mutexes_created,mutexes_opened,services_opened,windows_searched
calls_highlighted,dns_lookups,files_dropped,files_opened,files_written,has_pcap,ip_traffic,ja3_digests,modules_loaded,mutexes_created,registry_keys_opened,registry_keys_set,tags,text_highlighted
calls_highlighted,dns_lookups,files_dropped,files_opened,files_written,has_pcap,ip_traffic,ja3_digests,modules_loaded,mutexes_created,registry_keys_opened,registry_keys_set,tags,text_highlighted
calls_highlighted,dns_lookups,files_dropped,files_opened,files_written,has_pcap,ip_traffic,ja3_digests,modules_loaded,mutexes_created,registry_keys_opened,registry_keys_set,tags,text_highlighted
files_opened,files_written,has_pcap,modules_loaded,mutexes_created,processes_created,processes_injected
calls_highlighted,dns_lookups,files_opened,files_written,has_pcap,http_conversations,ip_traffic,modules_loaded,mutexes_created,registry_keys_opened,registry_keys_set,tags,text_highlighted
calls_highlighted,command_executions,dns_lookups,files_deleted,files_dropped,files_opened,files_written,has_pcap,http_conversations,ip_traffic,modules_loaded,mutexes_created,mutexes_opened,processes_tree,registry_keys_opened,registry_keys_set,services_opened,services_started,text_highlighted
has_pcap,modules_loaded,mutexes_opened,signals_hooked
command_executions,files_deleted,files_opened,files_written,has_pcap,modules_loaded,mutexes_created,processes_created
has_pcap,modules_loaded,windows_searched
dns_lookups,has_pcap,ip_traffic
command_executions,files_deleted,files_dropped,files_opened,files_written,has_pcap,modules_loaded,mutexes_created,processes_created
dns_lookups,files_deleted,files_dropped,files_opened,files_written,has_pcap,http_conversations,ip_traffic,modules_loaded,mutexes_created,mutexes_opened,processes_created,services_opened
command_executions,dns_lookups,files_deleted,files_dropped,files_opened,files_written,has_pcap,http_conversations,ip_traffic,modules_loaded,mutexes_created,mutexes_opened,processes_created,processes_injected,services_opened,signals_hooked
command_executions,dns_lookups,files_copied,files_deleted,files_dropped,files_opened,files_written,has_pcap,http_conversations,ip_traffic,modules_loaded,mutexes_created,mutexes_opened,processes_created,processes_injected,services_opened
dns_lookups,files_copied,files_deleted,files_dropped,files_opened,files_written,has_pcap,http_conversations,ip_traffic,modules_loaded,mutexes_created,mutexes_opened,processes_injected,services_opened
command_executions,dns_lookups,files_deleted,files_dropped,files_opened,files_written,has_pcap,http_conversations,ip_traffic,modules_loaded,mutexes_created,mutexes_opened,processes_created,processes_terminated,services_opened
command_executions,dns_lookups,files_deleted,files_dropped,files_opened,files_written,has_pcap,http_conversations,ip_traffic,modules_loaded,mutexes_created,mutexes_opened,processes_created,processes_injected,services_opened,windows_searched
dns_lookups,files_dropped,files_opened,has_pcap,http_conversations,ip_traffic,modules_loaded,mutexes_created,mutexes_opened,services_opened
dns_lookups,files_dropped,files_opened,has_pcap,http_conversations,ip_traffic,modules_loaded,mutexes_created,mutexes_opened,services_opened
command_executions,dns_lookups,files_deleted,files_dropped,files_opened,files_written,has_pcap,http_conversations,ip_traffic,modules_loaded,mutexes_created,mutexes_opened,processes_created,processes_injected,services_opened
command_executions,files_deleted,files_dropped,files_opened,files_written,has_pcap,modules_loaded,mutexes_created,mutexes_opened,processes_created,windows_searched
dns_lookups,files_deleted,files_dropped,files_opened,has_pcap,http_conversations,ip_traffic,modules_loaded,mutexes_created,mutexes_opened,services_opened
dns_lookups,files_dropped,files_opened,has_pcap,http_conversations,ip_traffic,modules_loaded,mutexes_created,mutexes_opened,services_opened
command_executions,files_deleted,files_dropped,files_opened,files_written,has_pcap,modules_loaded,mutexes_created,mutexes_opened,processes_created,services_opened
command_executions,dns_lookups,files_opened,files_written,has_pcap,http_conversations,ip_traffic,modules_loaded,mutexes_created,processes_created,services_opened
calls_highlighted,dns_lookups,files_opened,has_pcap,ip_traffic,ja3_digests,modules_loaded,mutexes_created,registry_keys_opened,registry_keys_set,text_highlighted
calls_highlighted,dns_lookups,files_opened,has_pcap,ip_traffic,ja3_digests,modules_loaded,mutexes_created,registry_keys_opened,registry_keys_set,text_highlighted
has_pcap,modules_loaded,mutexes_opened,signals_hooked
command_executions,files_deleted,files_dropped,files_opened,files_written,has_pcap,modules_loaded,mutexes_created,mutexes_opened,processes_created,windows_searched
dns_lookups,files_deleted,files_opened,files_written,has_pcap,ip_traffic,modules_loaded,mutexes_created,mutexes_opened,processes_created,processes_injected,services_opened,windows_searched
command_executions,dns_lookups,files_deleted,files_dropped,files_opened,files_written,has_pcap,http_conversations,ip_traffic,modules_loaded,mutexes_created,mutexes_opened,processes_created,services_opened,signals_hooked,windows_searched
calls_highlighted,dns_lookups,files_opened,has_pcap,ip_traffic,ja3_digests,modules_loaded,mutexes_created,registry_keys_opened,registry_keys_set,text_highlighted
calls_highlighted,dns_lookups,files_opened,has_pcap,ip_traffic,ja3_digests,modules_loaded,mutexes_created,registry_keys_opened,registry_keys_set,text_highlighted
calls_highlighted,dns_lookups,files_opened,has_pcap,ip_traffic,ja3_digests,modules_loaded,mutexes_created,registry_keys_opened,registry_keys_set,text_highlighted
calls_highlighted,dns_lookups,files_opened,has_pcap,ip_traffic,ja3_digests,modules_loaded,mutexes_created,registry_keys_opened,registry_keys_set,text_highlighted
calls_highlighted,dns_lookups,files_opened,has_pcap,ip_traffic,ja3_digests,modules_loaded,mutexes_created,registry_keys_opened,registry_keys_set,text_highlighted
has_pcap,modules_loaded
command_executions,files_deleted,files_opened,files_written,has_pcap,modules_loaded,mutexes_created,processes_created
command_executions,dns_lookups,files_deleted,files_dropped,files_opened,files_written,has_pcap,http_conversations,ip_traffic,modules_loaded,mutexes_created,mutexes_opened,processes_created,processes_injected,services_opened
has_pcap,modules_loaded,mutexes_opened,signals_hooked
has_pcap,modules_loaded,mutexes_opened,signals_hooked
dns_lookups,files_copied,files_deleted,files_opened,files_written,has_pcap,modules_loaded,mutexes_created,mutexes_opened,processes_created,processes_injected,processes_terminated,services_opened,signals_hooked,windows_searched
calls_highlighted,dns_lookups,files_opened,has_pcap,ip_traffic,ja3_digests,modules_loaded,mutexes_created,registry_keys_opened,registry_keys_set,text_highlighted
calls_highlighted,dns_lookups,files_opened,has_pcap,ip_traffic,ja3_digests,modules_loaded,mutexes_created,registry_keys_opened,registry_keys_set,text_highlighted
calls_highlighted,dns_lookups,files_opened,has_pcap,ip_traffic,ja3_digests,modules_loaded,mutexes_created,registry_keys_opened,registry_keys_set,text_highlighted
has_pcap,modules_loaded,mutexes_opened,signals_hooked
calls_highlighted,command_executions,dns_lookups,files_deleted,files_dropped,files_opened,files_written,has_pcap,http_conversations,ip_traffic,modules_loaded,mutexes_created,mutexes_opened,processes_tree,registry_keys_opened,registry_keys_set,services_opened,services_started,text_highlighted
calls_highlighted,dns_lookups,files_copied,files_deleted,files_dropped,files_opened,files_written,has_pcap,http_conversations,ip_traffic,ja3_digests,modules_loaded,mutexes_created,mutexes_opened,processes_tree,registry_keys_opened,registry_keys_set,services_opened,text_highlighted
calls_highlighted,dns_lookups,files_dropped,files_opened,files_written,has_pcap,ip_traffic,ja3_digests,modules_loaded,mutexes_created,mutexes_opened,processes_terminated,processes_tree,registry_keys_opened,registry_keys_set,services_opened,tags,text_highlighted
calls_highlighted,files_opened,files_written,has_pcap,modules_loaded,registry_keys_opened,registry_keys_set,tags,text_highlighted
calls_highlighted,files_opened,has_pcap,modules_loaded,registry_keys_opened,registry_keys_set,tags,text_highlighted
command_executions,dns_lookups,files_opened,has_pcap,ip_traffic,modules_loaded,mutexes_created,mutexes_opened,services_opened,windows_searched
calls_highlighted,files_opened,files_written,has_pcap,modules_loaded,mutexes_created,registry_keys_opened,registry_keys_set,tags,text_highlighted
calls_highlighted,dns_lookups,files_opened,has_pcap,http_conversations,ip_traffic,ja3_digests,modules_loaded,mutexes_created,registry_keys_opened,tags
files_opened,files_written,has_pcap,modules_loaded,mutexes_created,processes_created,processes_injected,windows_searched
calls_highlighted,files_opened,has_pcap,modules_loaded,mutexes_created,registry_keys_opened,registry_keys_set,tags,text_highlighted
calls_highlighted,dns_lookups,files_dropped,files_opened,files_written,has_pcap,ip_traffic,ja3_digests,modules_loaded,mutexes_created,registry_keys_opened,registry_keys_set,tags,text_highlighted
calls_highlighted,dns_lookups,files_dropped,files_opened,files_written,has_pcap,ip_traffic,ja3_digests,modules_loaded,mutexes_created,registry_keys_opened,registry_keys_set,tags,text_highlighted
command_executions,dns_lookups,files_opened,has_pcap,http_conversations,ip_traffic,modules_loaded,mutexes_created,mutexes_opened,services_opened,windows_searched
calls_highlighted,dns_lookups,files_dropped,files_opened,files_written,has_pcap,ip_traffic,ja3_digests,modules_loaded,mutexes_created,registry_keys_opened,registry_keys_set,tags,text_highlighted
calls_highlighted,dns_lookups,files_dropped,files_opened,files_written,has_pcap,ip_traffic,ja3_digests,modules_loaded,mutexes_created,registry_keys_opened,registry_keys_set,tags,text_highlighted
calls_highlighted,dns_lookups,files_dropped,files_opened,files_written,has_pcap,ip_traffic,ja3_digests,modules_loaded,mutexes_created,registry_keys_opened,registry_keys_set,tags,text_highlighted
files_opened,files_written,has_pcap,modules_loaded,mutexes_created,processes_created,processes_injected
calls_highlighted,dns_lookups,files_opened,files_written,has_pcap,http_conversations,ip_traffic,modules_loaded,mutexes_created,registry_keys_opened,registry_keys_set,tags,text_highlighted
calls_highlighted,command_executions,dns_lookups,files_deleted,files_dropped,files_opened,files_written,has_pcap,http_conversations,ip_traffic,modules_loaded,mutexes_created,mutexes_opened,processes_tree,registry_keys_opened,registry_keys_set,services_opened,services_started,text_highlighted
has_pcap,modules_loaded,mutexes_opened,signals_hooked
command_executions,files_deleted,files_opened,files_written,has_pcap,modules_loaded,mutexes_created,processes_created
has_pcap,modules_loaded,windows_searched
dns_lookups,has_pcap,ip_traffic
command_executions,files_deleted,files_dropped,files_opened,files_written,has_pcap,modules_loaded,mutexes_created,processes_created
dns_lookups,files_deleted,files_dropped,files_opened,files_written,has_pcap,http_conversations,ip_traffic,modules_loaded,mutexes_created,mutexes_opened,processes_created,services_opened
command_executions,dns_lookups,files_deleted,files_dropped,files_opened,files_written,has_pcap,http_conversations,ip_traffic,modules_loaded,mutexes_created,mutexes_opened,processes_created,processes_injected,services_opened,signals_hooked
command_executions,dns_lookups,files_copied,files_deleted,files_dropped,files_opened,files_written,has_pcap,http_conversations,ip_traffic,modules_loaded,mutexes_created,mutexes_opened,processes_created,processes_injected,services_opened
dns_lookups,files_copied,files_deleted,files_dropped,files_opened,files_written,has_pcap,http_conversations,ip_traffic,modules_loaded,mutexes_created,mutexes_opened,processes_injected,services_opened
command_executions,dns_lookups,files_deleted,files_dropped,files_opened,files_written,has_pcap,http_conversations,ip_traffic,modules_loaded,mutexes_created,mutexes_opened,processes_created,processes_terminated,services_opened
command_executions,dns_lookups,files_deleted,files_dropped,files_opened,files_written,has_pcap,http_conversations,ip_traffic,modules_loaded,mutexes_created,mutexes_opened,processes_created,processes_injected,services_opened,windows_searched
dns_lookups,files_dropped,files_opened,has_pcap,http_conversations,ip_traffic,modules_loaded,mutexes_created,mutexes_opened,services_opened
dns_lookups,files_dropped,files_opened,has_pcap,http_conversations,ip_traffic,modules_loaded,mutexes_created,mutexes_opened,services_opened
command_executions,dns_lookups,files_deleted,files_dropped,files_opened,files_written,has_pcap,http_conversations,ip_traffic,modules_loaded,mutexes_created,mutexes_opened,processes_created,processes_injected,services_opened
command_executions,files_deleted,files_dropped,files_opened,files_written,has_pcap,modules_loaded,mutexes_created,mutexes_opened,processes_created,windows_searched
dns_lookups,files_deleted,files_dropped,files_opened,has_pcap,http_conversations,ip_traffic,modules_loaded,mutexes_created,mutexes_opened,services_opened
dns_lookups,files_dropped,files_opened,has_pcap,http_conversations,ip_traffic,modules_loaded,mutexes_created,mutexes_opened,services_opened
command_executions,files_deleted,files_dropped,files_opened,files_written,has_pcap,modules_loaded,mutexes_created,mutexes_opened,processes_created,services_opened
command_executions,dns_lookups,files_opened,files_written,has_pcap,http_conversations,ip_traffic,modules_loaded,mutexes_created,processes_created,services_opened
calls_highlighted,dns_lookups,files_opened,has_pcap,ip_traffic,ja3_digests,modules_loaded,mutexes_created,registry_keys_opened,registry_keys_set,text_highlighted
calls_highlighted,dns_lookups,files_opened,has_pcap,ip_traffic,ja3_digests,modules_loaded,mutexes_created,registry_keys_opened,registry_keys_set,text_highlighted
has_pcap,modules_loaded,mutexes_opened,signals_hooked
command_executions,files_deleted,files_dropped,files_opened,files_written,has_pcap,modules_loaded,mutexes_created,mutexes_opened,processes_created,windows_searched
dns_lookups,files_deleted,files_opened,files_written,has_pcap,ip_traffic,modules_loaded,mutexes_created,mutexes_opened,processes_created,processes_injected,services_opened,windows_searched
command_executions,dns_lookups,files_deleted,files_dropped,files_opened,files_written,has_pcap,http_conversations,ip_traffic,modules_loaded,mutexes_created,mutexes_opened,processes_created,services_opened,signals_hooked,windows_searched
calls_highlighted,dns_lookups,files_opened,has_pcap,ip_traffic,ja3_digests,modules_loaded,mutexes_created,registry_keys_opened,registry_keys_set,text_highlighted
calls_highlighted,dns_lookups,files_opened,has_pcap,ip_traffic,ja3_digests,modules_loaded,mutexes_created,registry_keys_opened,registry_keys_set,text_highlighted
calls_highlighted,dns_lookups,files_opened,has_pcap,ip_traffic,ja3_digests,modules_loaded,mutexes_created,registry_keys_opened,registry_keys_set,text_highlighted
calls_highlighted,dns_lookups,files_opened,has_pcap,ip_traffic,ja3_digests,modules_loaded,mutexes_created,registry_keys_opened,registry_keys_set,text_highlighted
calls_highlighted,dns_lookups,files_opened,has_pcap,ip_traffic,ja3_digests,modules_loaded,mutexes_created,registry_keys_opened,registry_keys_set,text_highlighted
has_pcap,modules_loaded
command_executions,files_deleted,files_opened,files_written,has_pcap,modules_loaded,mutexes_created,processes_created
command_executions,dns_lookups,files_deleted,files_dropped,files_opened,files_written,has_pcap,http_conversations,ip_traffic,modules_loaded,mutexes_created,mutexes_opened,processes_created,processes_injected,services_opened
has_pcap,modules_loaded,mutexes_opened,signals_hooked
has_pcap,modules_loaded,mutexes_opened,signals_hooked
dns_lookups,files_copied,files_deleted,files_opened,files_written,has_pcap,modules_loaded,mutexes_created,mutexes_opened,processes_created,processes_injected,processes_terminated,services_opened,signals_hooked,windows_searched
calls_highlighted,dns_lookups,files_opened,has_pcap,ip_traffic,ja3_digests,modules_loaded,mutexes_created,registry_keys_opened,registry_keys_set,text_highlighted
calls_highlighted,dns_lookups,files_opened,has_pcap,ip_traffic,ja3_digests,modules_loaded,mutexes_created,registry_keys_opened,registry_keys_set,text_highlighted
calls_highlighted,dns_lookups,files_opened,has_pcap,ip_traffic,ja3_digests,modules_loaded,mutexes_created,registry_keys_opened,registry_keys_set,text_highlighted
has_pcap,modules_loaded,mutexes_opened,signals_hooked
calls_highlighted,command_executions,dns_lookups,files_deleted,files_dropped,files_opened,files_written,has_pcap,http_conversations,ip_traffic,modules_loaded,mutexes_created,mutexes_opened,processes_tree,registry_keys_opened,registry_keys_set,services_opened,services_started,text_highlighted
calls_highlighted,dns_lookups,files_copied,files_deleted,files_dropped,files_opened,files_written,has_pcap,http_conversations,ip_traffic,ja3_digests,modules_loaded,mutexes_created,mutexes_opened,processes_tree,registry_keys_opened,registry_keys_set,services_opened,text_highlighted
calls_highlighted,dns_lookups,files_opened,files_written,has_pcap,ip_traffic,ja3_digests,modules_loaded,mutexes_created,registry_keys_opened,registry_keys_set,text_highlighted
command_executions,files_deleted,files_dropped,files_opened,files_written,has_pcap,modules_loaded,mutexes_created,mutexes_opened,processes_created,windows_searched
calls_highlighted,dns_lookups,files_dropped,files_opened,files_written,has_pcap,ip_traffic,ja3_digests,modules_loaded,mutexes_created,registry_keys_opened,text_highlighted
calls_highlighted,dns_lookups,files_deleted,files_opened,files_written,has_pcap,ip_traffic,ja3_digests,modules_loaded,mutexes_created,mutexes_opened,processes_terminated,processes_tree,registry_keys_opened,registry_keys_set,services_opened,text_highlighted
calls_highlighted,dns_lookups,files_copied,files_deleted,files_dropped,files_opened,files_written,has_pcap,http_conversations,ip_traffic,ja3_digests,modules_loaded,mutexes_created,mutexes_opened,processes_tree,registry_keys_opened,registry_keys_set,services_opened,text_highlighted
calls_highlighted,dns_lookups,files_opened,files_written,has_pcap,ip_traffic,ja3_digests,modules_loaded,mutexes_created,registry_keys_opened,registry_keys_set,text_highlighted
calls_highlighted,dns_lookups,files_dropped,files_opened,files_written,has_pcap,ip_traffic,ja3_digests,modules_loaded,mutexes_created,registry_keys_opened,registry_keys_set,text_highlighted
calls_highlighted,dns_lookups,files_copied,files_deleted,files_dropped,files_opened,files_written,has_pcap,http_conversations,ip_traffic,ja3_digests,modules_loaded,mutexes_created,mutexes_opened,processes_tree,registry_keys_opened,registry_keys_set,services_opened,text_highlighted
calls_highlighted,dns_lookups,files_deleted,files_opened,files_written,has_pcap,http_conversations,ip_traffic,ja3_digests,modules_loaded,mutexes_created,processes_terminated,processes_tree,registry_keys_opened,registry_keys_set,text_highlighted
has_pcap,modules_loaded
command_executions,files_deleted,files_dropped,files_opened,files_written,has_pcap,modules_loaded,mutexes_created,mutexes_opened,processes_created,windows_searched
command_executions,dns_lookups,files_opened,files_written,has_pcap,ip_traffic,modules_loaded,mutexes_created,processes_created
command_executions,files_deleted,files_opened,files_written,has_pcap,modules_loaded,mutexes_created,mutexes_opened,processes_created,windows_searched
command_executions,dns_lookups,files_opened,files_written,has_pcap,http_conversations,ip_traffic,modules_loaded,mutexes_created,processes_created
dns_lookups,has_pcap,http_conversations,ip_traffic
command_executions,dns_lookups,files_opened,files_written,has_pcap,ip_traffic,modules_loaded,mutexes_created,processes_created
calls_highlighted,dns_lookups,files_deleted,files_opened,files_written,has_pcap,ip_traffic,ja3_digests,modules_loaded,mutexes_created,processes_terminated,processes_tree,registry_keys_opened,registry_keys_set,text_highlighted
command_executions,dns_lookups,files_opened,files_written,has_pcap,ip_traffic,modules_loaded,mutexes_created,processes_created
command_executions,dns_lookups,files_opened,files_written,has_pcap,http_conversations,ip_traffic,modules_loaded,mutexes_created,processes_created
command_executions,dns_lookups,files_deleted,files_dropped,files_opened,files_written,has_pcap,ip_traffic,modules_loaded,mutexes_created,mutexes_opened,processes_created,services_opened,windows_searched
command_executions,dns_lookups,files_opened,files_written,has_pcap,http_conversations,ip_traffic,modules_loaded,mutexes_created,processes_created
command_executions,dns_lookups,files_opened,files_written,has_pcap,ip_traffic,modules_loaded,mutexes_created,processes_created
calls_highlighted,dns_lookups,files_dropped,files_opened,files_written,has_pcap,http_conversations,ip_traffic,ja3_digests,modules_loaded,mutexes_created,mutexes_opened,registry_keys_opened,registry_keys_set,services_opened,text_highlighted
files_opened,has_pcap,modules_loaded
command_executions,dns_lookups,files_deleted,files_opened,files_written,has_pcap,http_conversations,ip_traffic,modules_loaded,mutexes_created,mutexes_opened,processes_created,processes_injected,services_opened
calls_highlighted,dns_lookups,files_dropped,files_opened,files_written,has_pcap,http_conversations,ip_traffic,ja3_digests,modules_loaded,mutexes_created,mutexes_opened,processes_terminated,processes_tree,registry_keys_opened,registry_keys_set,services_opened,text_highlighted
calls_highlighted,dns_lookups,files_dropped,files_opened,files_written,has_pcap,ip_traffic,ja3_digests,modules_loaded,mutexes_created,mutexes_opened,processes_terminated,processes_tree,registry_keys_opened,registry_keys_set,services_opened,text_highlighted
command_executions,files_deleted,files_opened,files_written,has_pcap,modules_loaded,mutexes_created,processes_created
calls_highlighted,dns_lookups,files_dropped,files_opened,files_written,has_pcap,http_conversations,ip_traffic,modules_loaded,mutexes_created,mutexes_opened,processes_tree,registry_keys_opened,registry_keys_set,services_opened,text_highlighted
calls_highlighted,files_opened,has_pcap,modules_loaded,registry_keys_opened,text_highlighted
calls_highlighted,dns_lookups,files_dropped,files_opened,files_written,has_pcap,http_conversations,ip_traffic,modules_loaded,mutexes_created,mutexes_opened,processes_tree,registry_keys_opened,registry_keys_set,services_opened,text_highlighted
command_executions,dns_lookups,files_opened,files_written,has_pcap,ip_traffic,modules_loaded,mutexes_created,processes_created
calls_highlighted,dns_lookups,files_dropped,files_opened,files_written,has_pcap,ip_traffic,ja3_digests,modules_loaded,mutexes_created,registry_keys_opened,registry_keys_set,text_highlighted
command_executions,files_deleted,files_opened,files_written,has_pcap,modules_loaded,mutexes_created,processes_created
calls_highlighted,dns_lookups,files_opened,has_pcap,ip_traffic,ja3_digests,modules_loaded,mutexes_created,registry_keys_opened,registry_keys_set,services_opened,text_highlighted
dns_lookups,has_pcap,http_conversations,ip_traffic
calls_highlighted,dns_lookups,files_dropped,files_opened,files_written,has_pcap,ip_traffic,ja3_digests,modules_loaded,mutexes_created,registry_keys_opened,text_highlighted
command_executions,dns_lookups,files_copied,files_deleted,files_opened,files_written,has_pcap,http_conversations,ip_traffic,modules_loaded,mutexes_created,mutexes_opened,processes_created,processes_injected
calls_highlighted,command_executions,dns_lookups,files_deleted,files_dropped,files_opened,files_written,has_pcap,http_conversations,ip_traffic,modules_loaded,mutexes_created,mutexes_opened,processes_tree,registry_keys_opened,registry_keys_set,services_opened,services_started,text_highlighted
has_pcap,modules_loaded,windows_searched
command_executions,files_deleted,files_dropped,files_opened,files_written,has_pcap,modules_loaded,mutexes_created,mutexes_opened,processes_created,windows_searched
calls_highlighted,command_executions,dns_lookups,files_deleted,files_dropped,files_opened,files_written,has_pcap,http_conversations,ip_traffic,modules_loaded,mutexes_created,mutexes_opened,processes_tree,registry_keys_opened,registry_keys_set,services_opened,services_started,text_highlighted
command_executions,files_copied,files_deleted,files_dropped,files_opened,files_written,has_pcap,modules_loaded,mutexes_created,processes_created
calls_highlighted,command_executions,dns_lookups,files_copied,files_deleted,files_dropped,files_opened,files_written,has_pcap,http_conversations,ip_traffic,modules_loaded,mutexes_created,mutexes_opened,processes_terminated,processes_tree,registry_keys_opened,registry_keys_set,services_opened,services_started,text_highlighted
files_opened,files_written,has_pcap,modules_loaded,mutexes_created,processes_created,processes_injected
command_executions,files_deleted,files_dropped,files_opened,files_written,has_pcap,modules_loaded,mutexes_created,mutexes_opened,processes_created,windows_searched
calls_highlighted,dns_lookups,files_dropped,files_opened,files_written,has_pcap,http_conversations,ip_traffic,ja3_digests,modules_loaded,mutexes_created,mutexes_opened,registry_keys_opened,registry_keys_set,services_opened,text_highlighted
command_executions,dns_lookups,files_opened,files_written,has_pcap,ip_traffic,modules_loaded,mutexes_created,processes_created
dns_lookups,files_copied,files_dropped,files_opened,files_written,has_pcap,http_conversations,ip_traffic,modules_loaded,mutexes_created,mutexes_opened,processes_created,services_opened
command_executions,files_deleted,files_opened,files_written,has_pcap,modules_loaded,mutexes_created,mutexes_opened,processes_created,windows_searched
command_executions,dns_lookups,files_opened,files_written,has_pcap,ip_traffic,modules_loaded,mutexes_created,processes_created
command_executions,dns_lookups,files_opened,files_written,has_pcap,ip_traffic,modules_loaded,mutexes_created,processes_created
command_executions,dns_lookups,files_opened,files_written,has_pcap,ip_traffic,modules_loaded,mutexes_created,processes_created
command_executions,dns_lookups,files_deleted,files_opened,files_written,has_pcap,http_conversations,ip_traffic,modules_loaded,mutexes_created,mutexes_opened,processes_created,services_opened
calls_highlighted,dns_lookups,files_dropped,files_opened,files_written,has_pcap,http_conversations,ip_traffic,modules_loaded,mutexes_created,mutexes_opened,processes_tree,registry_keys_opened,registry_keys_set,services_opened,text_highlighted
calls_highlighted,dns_lookups,files_dropped,files_opened,files_written,has_pcap,ip_traffic,ja3_digests,modules_loaded,mutexes_created,registry_keys_opened,text_highlighted
calls_highlighted,command_executions,dns_lookups,files_deleted,files_dropped,files_opened,files_written,has_pcap,http_conversations,ip_traffic,modules_loaded,mutexes_created,mutexes_opened,processes_tree,registry_keys_opened,registry_keys_set,services_opened,services_started,text_highlighted
files_opened,has_pcap,modules_loaded
files_opened,has_pcap,modules_loaded
command_executions,files_deleted,files_opened,files_written,has_pcap,modules_loaded,mutexes_created,processes_created,processes_injected
calls_highlighted,command_executions,dns_lookups,files_deleted,files_dropped,files_opened,files_written,has_pcap,http_conversations,ip_traffic,ja3_digests,modules_loaded,mutexes_created,mutexes_opened,processes_tree,registry_keys_opened,registry_keys_set,services_opened,services_started,text_highlighted
command_executions,files_deleted,files_opened,files_written,has_pcap,modules_loaded,mutexes_created,processes_created
dns_lookups,has_pcap,http_conversations,ip_traffic
command_executions,files_deleted,files_opened,files_written,has_pcap,modules_loaded,mutexes_created,processes_created
command_executions,files_deleted,files_dropped,files_opened,files_written,has_pcap,modules_loaded,mutexes_created,processes_created
command_executions,files_deleted,files_dropped,files_opened,files_written,has_pcap,modules_loaded,mutexes_created,mutexes_opened,processes_created,windows_searched
calls_highlighted,dns_lookups,files_opened,has_pcap,ip_traffic,ja3_digests,modules_loaded,mutexes_created,processes_created,processes_tree,registry_keys_opened,text_highlighted
command_executions,files_deleted,files_opened,files_written,has_pcap,modules_loaded,mutexes_created,processes_created
command_executions,dns_lookups,files_opened,files_written,has_pcap,ip_traffic,modules_loaded,mutexes_created,processes_created
command_executions,dns_lookups,files_opened,files_written,has_pcap,http_conversations,ip_traffic,modules_loaded,mutexes_created,processes_created
calls_highlighted,command_executions,dns_lookups,files_deleted,files_opened,files_written,has_pcap,http_conversations,ip_traffic,modules_loaded,mutexes_created,mutexes_opened,processes_tree,registry_keys_opened,registry_keys_set,services_opened,services_started,text_highlighted
calls_highlighted,command_executions,dns_lookups,files_deleted,files_dropped,files_opened,files_written,has_pcap,http_conversations,ip_traffic,modules_loaded,mutexes_created,mutexes_opened,processes_tree,registry_keys_opened,registry_keys_set,services_opened,services_started,text_highlighted
command_executions,dns_lookups,files_opened,files_written,has_pcap,ip_traffic,modules_loaded,mutexes_created,processes_created
calls_highlighted,dns_lookups,files_dropped,files_opened,files_written,has_pcap,http_conversations,ip_traffic,ja3_digests,modules_loaded,mutexes_created,mutexes_opened,processes_terminated,processes_tree,registry_keys_opened,registry_keys_set,text_highlighted
files_opened,has_pcap,modules_loaded,mutexes_created,windows_searched
dns_lookups,files_copied,files_deleted,files_opened,files_written,has_pcap,http_conversations,ip_traffic,modules_loaded,mutexes_created,mutexes_opened
dns_lookups,files_deleted,files_opened,files_written,has_pcap,http_conversations,ip_traffic,modules_loaded,mutexes_created,mutexes_opened,services_opened
command_executions,dns_lookups,files_copied,files_deleted,files_dropped,files_opened,files_written,has_pcap,ip_traffic,modules_loaded,mutexes_created,mutexes_opened,processes_created,processes_injected,services_opened,signals_hooked
calls_highlighted,dns_lookups,files_copied,files_deleted,files_opened,has_pcap,http_conversations,ip_traffic,modules_loaded,mutexes_created,mutexes_opened,processes_created,processes_tree,registry_keys_opened
files_opened,has_pcap,modules_loaded,mutexes_created,windows_searched
files_opened,has_pcap,modules_loaded,mutexes_created,windows_searched
dns_lookups,has_pcap,http_conversations,ip_traffic
dns_lookups,files_copied,files_opened,has_pcap,modules_loaded,mutexes_opened,signals_hooked
dns_lookups,files_deleted,files_opened,files_written,has_pcap,http_conversations,ip_traffic,modules_loaded,mutexes_created,mutexes_opened,processes_created,services_opened
dns_lookups,files_copied,files_opened,files_written,has_pcap,http_conversations,ip_traffic,modules_loaded,mutexes_created,processes_created,processes_injected,services_opened
files_opened,has_pcap,modules_loaded,mutexes_created
dns_lookups,files_copied,files_opened,files_written,has_pcap,ip_traffic,modules_loaded,mutexes_created,processes_created,processes_injected,services_opened
dns_lookups,files_copied,files_opened,files_written,has_pcap,http_conversations,ip_traffic,modules_loaded,mutexes_created,processes_created
dns_lookups,files_copied,files_opened,files_written,has_pcap,http_conversations,ip_traffic,modules_loaded,mutexes_created,processes_created,processes_injected,services_opened
dns_lookups,files_opened,files_written,has_pcap,http_conversations,ip_traffic,modules_loaded,mutexes_created,processes_created,processes_terminated
has_pcap,ip_traffic,modules_loaded,signals_hooked
dns_lookups,files_deleted,files_opened,files_written,has_pcap,http_conversations,ip_traffic,modules_loaded,mutexes_created,mutexes_opened,processes_created,services_opened
files_opened,has_pcap,ip_traffic,modules_loaded,signals_hooked
has_pcap,ip_traffic,signals_hooked
files_opened,files_written,has_pcap,ip_traffic,modules_loaded,mutexes_created,processes_created,processes_injected
files_copied,files_deleted,files_opened,has_pcap,modules_loaded,mutexes_created,mutexes_opened,processes_created
files_copied,files_deleted,files_opened,has_pcap,modules_loaded,mutexes_created,mutexes_opened,processes_created
command_executions,dns_lookups,files_copied,files_deleted,files_opened,files_written,has_pcap,http_conversations,ip_traffic,modules_loaded,mutexes_created,mutexes_opened,processes_created,processes_injected,services_opened
dns_lookups,files_copied,files_deleted,files_opened,files_written,has_pcap,http_conversations,ip_traffic,modules_loaded,mutexes_created,mutexes_opened,processes_created,processes_injected
dns_lookups,has_pcap,http_conversations,ip_traffic
has_pcap,ip_traffic,modules_loaded,mutexes_created,processes_created
dns_lookups,files_opened,files_written,has_pcap,http_conversations,ip_traffic,modules_loaded,mutexes_created,mutexes_opened,processes_created,services_opened,signals_hooked
files_opened,has_pcap,ip_traffic,modules_loaded,mutexes_created,processes_created
command_executions,dns_lookups,files_deleted,files_opened,files_written,has_pcap,ip_traffic,modules_loaded,mutexes_created,mutexes_opened,processes_created,services_opened,signals_hooked
files_opened,has_pcap,ip_traffic
files_opened,files_written,has_pcap,ip_traffic,modules_loaded,mutexes_created,mutexes_opened,processes_created,services_opened,windows_searched
dns_lookups,has_pcap,http_conversations,ip_traffic
command_executions,files_opened,files_written,has_pcap,modules_loaded,processes_created,signals_hooked
files_opened,has_pcap,ip_traffic,modules_loaded,signals_hooked
files_opened,has_pcap,modules_loaded,signals_hooked
files_deleted,files_opened,has_pcap,modules_loaded,signals_hooked
files_opened,has_pcap,ip_traffic,modules_loaded,signals_hooked
dns_lookups,has_pcap,ip_traffic
files_opened,has_pcap,ip_traffic,modules_loaded,signals_hooked
files_opened,has_pcap,ip_traffic,modules_loaded
files_opened,has_pcap,ip_traffic,modules_loaded,signals_hooked
dns_lookups,has_pcap
dns_lookups,has_pcap,http_conversations,ip_traffic
command_executions,dns_lookups,files_copied,files_deleted,files_opened,files_written,has_pcap,http_conversations,ip_traffic,modules_loaded,mutexes_created,mutexes_opened,processes_created,processes_injected,services_opened,windows_searched
dns_lookups,has_pcap,http_conversations,ip_traffic
command_executions,dns_lookups,files_copied,files_deleted,files_opened,has_pcap,ip_traffic,modules_loaded,mutexes_created,mutexes_opened,processes_created,processes_injected,services_opened
files_opened,has_pcap,ip_traffic,modules_loaded
files_opened,has_pcap,ip_traffic,modules_loaded,signals_hooked
files_copied,files_deleted,files_opened,files_written,has_pcap,modules_loaded,mutexes_created,mutexes_opened,processes_created
dns_lookups,files_copied,files_deleted,files_opened,files_written,has_pcap,http_conversations,ip_traffic,modules_loaded,mutexes_created,mutexes_opened,processes_created,processes_injected
dns_lookups,has_pcap,ip_traffic
dns_lookups,has_pcap,ip_traffic
dns_lookups,has_pcap,http_conversations,ip_traffic
dns_lookups,has_pcap,http_conversations,ip_traffic
command_executions,dns_lookups,files_copied,files_opened,files_written,has_pcap,http_conversations,ip_traffic,modules_loaded,mutexes_created,mutexes_opened,processes_created,services_opened
dns_lookups,files_copied,files_opened,files_written,has_pcap,http_conversations,ip_traffic,modules_loaded,mutexes_created,mutexes_opened,processes_created,processes_injected,services_opened,signals_hooked,windows_searched
has_pcap,ip_traffic,modules_loaded
dns_lookups,has_pcap,http_conversations,ip_traffic
dns_lookups,has_pcap,http_conversations,ip_traffic
dns_lookups,has_pcap,http_conversations,ip_traffic
files_opened,has_pcap,modules_loaded,signals_hooked
dns_lookups,files_copied,files_deleted,files_opened,files_written,has_pcap,http_conversations,ip_traffic,modules_loaded,mutexes_created,mutexes_opened,processes_created,processes_injected,services_opened
has_pcap,ip_traffic,modules_loaded,mutexes_created,processes_created,processes_terminated
dns_lookups,has_pcap
files_opened,has_pcap,modules_loaded,mutexes_created,windows_searched
dns_lookups,files_copied,files_deleted,files_opened,files_written,has_pcap,http_conversations,ip_traffic,modules_loaded,mutexes_created,mutexes_opened
dns_lookups,files_deleted,files_opened,files_written,has_pcap,http_conversations,ip_traffic,modules_loaded,mutexes_created,mutexes_opened,services_opened
command_executions,dns_lookups,files_copied,files_deleted,files_dropped,files_opened,files_written,has_pcap,ip_traffic,modules_loaded,mutexes_created,mutexes_opened,processes_created,processes_injected,services_opened,signals_hooked
calls_highlighted,dns_lookups,files_copied,files_deleted,files_opened,has_pcap,http_conversations,ip_traffic,modules_loaded,mutexes_created,mutexes_opened,processes_created,processes_tree,registry_keys_opened
files_opened,has_pcap,modules_loaded,mutexes_created,windows_searched
files_opened,has_pcap,modules_loaded,mutexes_created,windows_searched
dns_lookups,has_pcap,http_conversations,ip_traffic
dns_lookups,files_copied,files_opened,has_pcap,modules_loaded,mutexes_opened,signals_hooked
dns_lookups,files_deleted,files_opened,files_written,has_pcap,http_conversations,ip_traffic,modules_loaded,mutexes_created,mutexes_opened,processes_created,services_opened
dns_lookups,files_copied,files_opened,files_written,has_pcap,http_conversations,ip_traffic,modules_loaded,mutexes_created,processes_created,processes_injected,services_opened
files_opened,has_pcap,modules_loaded,mutexes_created
dns_lookups,files_copied,files_opened,files_written,has_pcap,ip_traffic,modules_loaded,mutexes_created,processes_created,processes_injected,services_opened
dns_lookups,files_copied,files_opened,files_written,has_pcap,http_conversations,ip_traffic,modules_loaded,mutexes_created,processes_created
dns_lookups,files_copied,files_opened,files_written,has_pcap,http_conversations,ip_traffic,modules_loaded,mutexes_created,processes_created,processes_injected,services_opened
dns_lookups,files_opened,files_written,has_pcap,http_conversations,ip_traffic,modules_loaded,mutexes_created,processes_created,processes_terminated
has_pcap,ip_traffic,modules_loaded,signals_hooked
dns_lookups,files_deleted,files_opened,files_written,has_pcap,http_conversations,ip_traffic,modules_loaded,mutexes_created,mutexes_opened,processes_created,services_opened
files_opened,has_pcap,ip_traffic,modules_loaded,signals_hooked
has_pcap,ip_traffic,signals_hooked
files_opened,files_written,has_pcap,ip_traffic,modules_loaded,mutexes_created,processes_created,processes_injected
files_copied,files_deleted,files_opened,has_pcap,modules_loaded,mutexes_created,mutexes_opened,processes_created
files_copied,files_deleted,files_opened,has_pcap,modules_loaded,mutexes_created,mutexes_opened,processes_created
command_executions,dns_lookups,files_copied,files_deleted,files_opened,files_written,has_pcap,http_conversations,ip_traffic,modules_loaded,mutexes_created,mutexes_opened,processes_created,processes_injected,services_opened
dns_lookups,files_copied,files_deleted,files_opened,files_written,has_pcap,http_conversations,ip_traffic,modules_loaded,mutexes_created,mutexes_opened,processes_created,processes_injected
dns_lookups,has_pcap,http_conversations,ip_traffic
has_pcap,ip_traffic,modules_loaded,mutexes_created,processes_created
dns_lookups,files_opened,files_written,has_pcap,http_conversations,ip_traffic,modules_loaded,mutexes_created,mutexes_opened,processes_created,services_opened,signals_hooked
files_opened,has_pcap,ip_traffic,modules_loaded,mutexes_created,processes_created
command_executions,dns_lookups,files_deleted,files_opened,files_written,has_pcap,ip_traffic,modules_loaded,mutexes_created,mutexes_opened,processes_created,services_opened,signals_hooked
files_opened,has_pcap,ip_traffic
files_opened,files_written,has_pcap,ip_traffic,modules_loaded,mutexes_created,mutexes_opened,processes_created,services_opened,windows_searched
dns_lookups,has_pcap,http_conversations,ip_traffic
command_executions,files_opened,files_written,has_pcap,modules_loaded,processes_created,signals_hooked
files_opened,has_pcap,ip_traffic,modules_loaded,signals_hooked
files_opened,has_pcap,modules_loaded,signals_hooked
files_deleted,files_opened,has_pcap,modules_loaded,signals_hooked
files_opened,has_pcap,ip_traffic,modules_loaded,signals_hooked
dns_lookups,has_pcap,ip_traffic
files_opened,has_pcap,ip_traffic,modules_loaded,signals_hooked
files_opened,has_pcap,ip_traffic,modules_loaded
files_opened,has_pcap,ip_traffic,modules_loaded,signals_hooked
dns_lookups,has_pcap
dns_lookups,has_pcap,http_conversations,ip_traffic
dns_lookups,has_pcap,http_conversations,ip_traffic
files_copied,files_deleted,files_opened,files_written,has_pcap,ip_traffic,modules_loaded,mutexes_created,mutexes_opened,processes_created,processes_injected
files_copied,files_deleted,files_opened,files_written,has_pcap,ip_traffic,modules_loaded,mutexes_created,mutexes_opened,processes_created,processes_injected
dns_lookups,has_pcap,http_conversations,ip_traffic
files_opened,has_pcap,ip_traffic,modules_loaded,windows_searched
dns_lookups,has_pcap,http_conversations,ip_traffic
dns_lookups,has_pcap,http_conversations,ip_traffic
has_pcap,ip_traffic,modules_loaded,windows_searched
dns_lookups,has_pcap,http_conversations,ip_traffic
dns_lookups,has_pcap,http_conversations,ip_traffic
dns_lookups,has_pcap,http_conversations,ip_traffic
dns_lookups,has_pcap,http_conversations,ip_traffic
files_opened,has_pcap,ip_traffic,modules_loaded
dns_lookups,files_copied,files_opened,files_written,has_pcap,http_conversations,ip_traffic,modules_loaded,mutexes_created,mutexes_opened,processes_created,services_opened
files_opened,files_written,has_pcap,modules_loaded,mutexes_created,processes_created,processes_injected
dns_lookups,has_pcap,http_conversations,ip_traffic
command_executions,dns_lookups,files_copied,files_deleted,files_opened,files_written,has_pcap,http_conversations,ip_traffic,modules_loaded,mutexes_created,mutexes_opened,processes_created,services_opened
dns_lookups,has_pcap,http_conversations,ip_traffic
dns_lookups,has_pcap,http_conversations,ip_traffic
dns_lookups,has_pcap,ip_traffic
dns_lookups,has_pcap,http_conversations,ip_traffic
files_copied,files_opened,has_pcap,modules_loaded,mutexes_created,processes_created,processes_injected,windows_searched
dns_lookups,has_pcap,http_conversations,ip_traffic
dns_lookups,has_pcap,http_conversations,ip_traffic
dns_lookups,files_opened,has_pcap,http_conversations,ip_traffic,modules_loaded,mutexes_created,mutexes_opened,services_opened
dns_lookups,has_pcap,http_conversations,ip_traffic
dns_lookups,has_pcap,ip_traffic
dns_lookups,has_pcap
has_pcap,modules_loaded,mutexes_created,mutexes_opened,registry_keys_set
dns_lookups,has_pcap,http_conversations,ip_traffic
dns_lookups,has_pcap,http_conversations,ip_traffic
dns_lookups,has_pcap,http_conversations,ip_traffic
dns_lookups,has_pcap,http_conversations,ip_traffic
dns_lookups,has_pcap,http_conversations,ip_traffic
dns_lookups,files_opened,has_pcap,modules_loaded,signals_hooked
dns_lookups,has_pcap,http_conversations,ip_traffic
dns_lookups,has_pcap,ip_traffic
dns_lookups,has_pcap,http_conversations,ip_traffic
dns_lookups,has_pcap,http_conversations,ip_traffic
dns_lookups,has_pcap,http_conversations,ip_traffic
dns_lookups,files_copied,files_deleted,files_opened,files_written,has_pcap,http_conversations,ip_traffic,modules_loaded,mutexes_created,mutexes_opened,processes_created,processes_injected
dns_lookups,files_copied,files_deleted,files_opened,files_written,has_pcap,http_conversations,ip_traffic,modules_loaded,mutexes_created,mutexes_opened,processes_created,processes_injected,services_opened
dns_lookups,has_pcap,ip_traffic
command_executions,dns_lookups,files_copied,files_deleted,files_opened,files_written,has_pcap,http_conversations,ip_traffic,modules_loaded,mutexes_created,mutexes_opened,processes_created,processes_injected
dns_lookups,has_pcap,http_conversations,ip_traffic
dns_lookups,has_pcap,http_conversations,ip_traffic
dns_lookups,has_pcap,http_conversations,ip_traffic
command_executions,dns_lookups,files_copied,files_deleted,files_opened,files_written,has_pcap,http_conversations,ip_traffic,modules_loaded,mutexes_created,mutexes_opened,processes_created,processes_injected,services_opened
dns_lookups,has_pcap,http_conversations,ip_traffic
dns_lookups,has_pcap,http_conversations,ip_traffic
dns_lookups,has_pcap,http_conversations,ip_traffic
dns_lookups,has_pcap,http_conversations,ip_traffic
files_opened,files_written,has_pcap,modules_loaded,mutexes_created,processes_created,processes_injected
dns_lookups,has_pcap,http_conversations,ip_traffic
dns_lookups,has_pcap,http_conversations,ip_traffic
dns_lookups,files_copied,has_pcap,http_conversations,ip_traffic,modules_loaded,mutexes_created,processes_created
has_pcap,modules_loaded,mutexes_created,mutexes_opened
has_pcap,ip_traffic,modules_loaded,mutexes_created,mutexes_opened
has_pcap,ip_traffic,modules_loaded,mutexes_created,mutexes_opened
dns_lookups,files_copied,files_opened,has_pcap,ip_traffic,modules_loaded,mutexes_created,processes_created
has_pcap,ip_traffic,modules_loaded,mutexes_created,mutexes_opened,registry_keys_set
dns_lookups,has_pcap,http_conversations,ip_traffic
files_opened,files_written,has_pcap,modules_loaded,mutexes_created,processes_created,processes_injected,signals_hooked
dns_lookups,has_pcap,http_conversations,ip_traffic
dns_lookups,files_copied,files_deleted,files_opened,files_written,has_pcap,http_conversations,ip_traffic,modules_loaded,mutexes_created,mutexes_opened,processes_created,services_opened
dns_lookups,files_copied,files_deleted,files_opened,files_written,has_pcap,modules_loaded,mutexes_created,processes_created,processes_injected,processes_terminated,services_opened,signals_hooked,windows_searched
dns_lookups,has_pcap,http_conversations,ip_traffic
command_executions,dns_lookups,files_copied,files_deleted,files_opened,files_written,has_pcap,http_conversations,ip_traffic,modules_loaded,mutexes_created,mutexes_opened,processes_created,processes_injected,services_opened,windows_searched
dns_lookups,has_pcap,http_conversations,ip_traffic
dns_lookups,has_pcap,http_conversations,ip_traffic
