files_opened,has_pcap,processes_terminated,crypto_plain_text,registry_keys_opened,files_deleted,tags,services_created,processes_created,services_opened,http_conversations,processes_tree,mutexes_created,processes_injected,signals_hooked,ip_traffic,mutexes_opened,modules_loaded,calls_highlighted,files_written,files_copied
1,1,0,0,0,1,0,0,1,1,1,0,1,0,0,1,1,1,0,1,1
1,1,0,0,0,1,0,0,1,1,1,0,1,0,0,1,1,1,0,1,1
1,1,0,0,0,0,0,0,1,0,0,0,1,0,0,0,0,1,0,0,0
1,1,0,0,0,1,0,0,1,1,1,0,1,0,1,1,1,1,0,1,1
1,1,0,0,0,0,0,0,1,0,0,0,1,0,0,0,0,1,0,1,0
1,1,0,0,0,1,0,0,1,1,1,0,1,0,0,1,1,1,0,1,1
1,1,0,0,0,0,0,0,1,0,0,0,1,0,1,0,0,1,0,1,1
1,1,0,0,0,0,0,0,1,0,0,0,1,0,0,0,0,1,0,1,1
1,1,0,0,0,1,0,0,1,1,1,0,1,0,1,1,1,1,0,1,1
1,1,0,0,0,1,0,0,1,1,1,0,1,0,1,1,1,1,0,1,1
1,1,0,0,0,1,0,0,1,1,1,0,1,0,0,1,0,1,0,1,1
1,1,0,0,0,0,0,0,1,0,0,0,1,1,1,0,0,1,0,1,1
1,1,1,1,1,0,1,0,0,0,0,1,1,0,0,0,0,1,0,0,1
1,1,1,1,1,1,1,0,0,0,0,1,1,0,0,0,0,1,1,0,1
1,1,0,0,0,0,0,0,1,0,0,0,1,0,0,0,0,1,0,0,0
1,1,0,0,0,1,0,0,1,1,0,0,1,0,0,0,1,1,0,1,1
1,1,0,0,0,0,0,0,1,0,0,0,1,1,0,0,0,1,0,1,0
1,1,0,0,0,1,0,0,1,1,1,0,1,0,0,1,1,1,0,1,1
1,1,1,1,1,1,1,1,0,1,0,1,1,0,0,0,0,1,1,0,1
1,1,0,0,0,0,0,0,1,0,0,0,1,0,0,0,0,1,0,1,0
1,1,0,0,0,1,0,0,1,1,0,0,1,0,0,0,1,1,0,1,1
1,1,1,1,1,1,1,1,0,1,0,1,1,0,0,0,0,1,0,0,1
1,1,0,0,0,0,0,0,1,0,1,0,1,0,1,1,0,1,0,1,0
1,1,0,0,0,0,0,0,1,0,0,0,1,1,0,0,0,1,0,1,0
1,1,1,1,1,1,1,1,0,1,0,1,1,0,0,0,0,1,0,0,1
1,1,0,0,0,1,0,0,1,1,0,0,1,0,1,0,1,1,0,1,1
1,1,0,0,0,1,0,0,0,1,0,0,1,0,0,1,1,1,0,1,0
1,1,0,0,0,0,0,0,0,1,0,0,1,0,0,1,1,1,0,1,0
