sections#0#name,sections#0#entropy,sections#0#raw_size,sections#0#virtual_size,sections#1#name,sections#1#entropy,sections#1#raw_size,sections#1#virtual_size,sections#2#name,sections#2#entropy,sections#2#raw_size,sections#2#virtual_size,sections#3#name,sections#3#entropy,sections#3#raw_size,sections#3#virtual_size,sections#4#name,sections#4#entropy,sections#4#raw_size,sections#4#virtual_size,sections#5#name,sections#5#entropy,sections#5#raw_size,sections#5#virtual_size,sections#6#name,sections#6#entropy,sections#6#raw_size,sections#6#virtual_size,sections#7#name,sections#7#entropy,sections#7#raw_size,sections#7#virtual_size,sections#8#name,sections#8#entropy,sections#8#raw_size,sections#8#virtual_size,sections#9#name,sections#9#entropy,sections#9#raw_size,sections#9#virtual_size,,,,,,,,,,,,,,,,,,,,,,,,,,,,,,,,,,,,,,,,
.text,6.22,468992,468504,.data,6.59,91648,91196,.rdata,5.28,28672,28384,.eh_fram,4.63,143872,143804,.bss,0,0,3040,.edata,0.96,512,80,.idata,4.65,3072,2588,.CRT,0.11,512,24,.tls,0.22,512,32,.reloc,6.69,19456,19248,,,,,,,,,,,,,,,,,,,,,,,,,,,,,,,,,,,,,,,,
sections#0#name,sections#0#entropy,sections#0#raw_size,sections#0#virtual_size,sections#1#name,sections#1#entropy,sections#1#raw_size,sections#1#virtual_size,sections#2#name,sections#2#entropy,sections#2#raw_size,sections#2#virtual_size,sections#3#name,sections#3#entropy,sections#3#raw_size,sections#3#virtual_size,sections#4#name,sections#4#entropy,sections#4#raw_size,sections#4#virtual_size,,,,,,,,,,,,,,,,,,,,,,,,,,,,,,,,,,,,,,,,,,,,,,,,,,,,,,,,,,,,
.text,6.42,94208,92366,.rdata,4.63,24576,23526,.data,6.08,90112,104425,.sxdata,0,4096,4,.rsrc,3.2,16384,12584,,,,,,,,,,,,,,,,,,,,,,,,,,,,,,,,,,,,,,,,,,,,,,,,,,,,,,,,,,,,
sections#0#name,sections#0#entropy,sections#0#raw_size,sections#0#virtual_size,sections#1#name,sections#1#entropy,sections#1#raw_size,sections#1#virtual_size,sections#2#name,sections#2#entropy,sections#2#raw_size,sections#2#virtual_size,sections#3#name,sections#3#entropy,sections#3#raw_size,sections#3#virtual_size,sections#4#name,sections#4#entropy,sections#4#raw_size,sections#4#virtual_size,,,,,,,,,,,,,,,,,,,,,,,,,,,,,,,,,,,,,,,,,,,,,,,,,,,,,,,,,,,,
.text,6.45,86016,82722,.rdata,4.5,24576,22014,.data,7.8,69632,83144,.sxdata,0,4096,4,.rsrc,3.2,16384,12584,,,,,,,,,,,,,,,,,,,,,,,,,,,,,,,,,,,,,,,,,,,,,,,,,,,,,,,,,,,,
sections#0#name,sections#0#entropy,sections#0#raw_size,sections#0#virtual_size,sections#1#name,sections#1#entropy,sections#1#raw_size,sections#1#virtual_size,sections#2#name,sections#2#entropy,sections#2#raw_size,sections#2#virtual_size,sections#3#name,sections#3#entropy,sections#3#raw_size,sections#3#virtual_size,sections#4#name,sections#4#entropy,sections#4#raw_size,sections#4#virtual_size,sections#5#name,sections#5#entropy,sections#5#raw_size,sections#5#virtual_size,sections#6#name,sections#6#entropy,sections#6#raw_size,sections#6#virtual_size,sections#7#name,sections#7#entropy,sections#7#raw_size,sections#7#virtual_size,sections#8#name,sections#8#entropy,sections#8#raw_size,sections#8#virtual_size,sections#9#name,sections#9#entropy,sections#9#raw_size,sections#9#virtual_size,,,,,,,,,,,,,,,,,,,,,,,,,,,,,,,,,,,,,,,,
.text,6.21,468992,468504,.data,6.38,82432,81980,.rdata,5.27,28672,28384,.eh_fram,4.63,143872,143804,.bss,0,0,3040,.edata,0.95,512,80,.idata,4.54,3072,2588,.CRT,0.11,512,24,.tls,0.22,512,32,.reloc,6.69,19456,19248,,,,,,,,,,,,,,,,,,,,,,,,,,,,,,,,,,,,,,,,
sections#0#name,sections#0#entropy,sections#0#raw_size,sections#0#virtual_size,sections#1#name,sections#1#entropy,sections#1#raw_size,sections#1#virtual_size,sections#2#name,sections#2#entropy,sections#2#raw_size,sections#2#virtual_size,sections#3#name,sections#3#entropy,sections#3#raw_size,sections#3#virtual_size,sections#4#name,sections#4#entropy,sections#4#raw_size,sections#4#virtual_size,sections#5#name,sections#5#entropy,sections#5#raw_size,sections#5#virtual_size,sections#6#name,sections#6#entropy,sections#6#raw_size,sections#6#virtual_size,sections#7#name,sections#7#entropy,sections#7#raw_size,sections#7#virtual_size,sections#8#name,sections#8#entropy,sections#8#raw_size,sections#8#virtual_size,sections#9#name,sections#9#entropy,sections#9#raw_size,sections#9#virtual_size,,,,,,,,,,,,,,,,,,,,,,,,,,,,,,,,,,,,,,,,
.text,6.22,468992,468504,.data,6.59,91648,91196,.rdata,5.28,28672,28384,.eh_fram,4.63,143872,143804,.bss,0,0,3040,.edata,0.96,512,80,.idata,4.65,3072,2588,.CRT,0.11,512,24,.tls,0.22,512,32,.reloc,6.69,19456,19248,,,,,,,,,,,,,,,,,,,,,,,,,,,,,,,,,,,,,,,,
sections#0#name,sections#0#entropy,sections#0#raw_size,sections#0#virtual_size,sections#1#name,sections#1#entropy,sections#1#raw_size,sections#1#virtual_size,sections#2#name,sections#2#entropy,sections#2#raw_size,sections#2#virtual_size,sections#3#name,sections#3#entropy,sections#3#raw_size,sections#3#virtual_size,sections#4#name,sections#4#entropy,sections#4#raw_size,sections#4#virtual_size,sections#5#name,sections#5#entropy,sections#5#raw_size,sections#5#virtual_size,sections#6#name,sections#6#entropy,sections#6#raw_size,sections#6#virtual_size,sections#7#name,sections#7#entropy,sections#7#raw_size,sections#7#virtual_size,sections#8#name,sections#8#entropy,sections#8#raw_size,sections#8#virtual_size,sections#9#name,sections#9#entropy,sections#9#raw_size,sections#9#virtual_size,,,,,,,,,,,,,,,,,,,,,,,,,,,,,,,,,,,,,,,,
.text,6.16,78848,78788,.data,0.04,19456,19076,.rdata,6.19,84992,84640,.bss,0,0,4140,.edata,1.03,512,84,.idata,4.78,3584,3108,.CRT,0.26,512,52,.tls,0.23,512,32,.rsrc,1.53,512,220,.reloc,6.26,4608,4164,,,,,,,,,,,,,,,,,,,,,,,,,,,,,,,,,,,,,,,,
sections#0#name,sections#0#entropy,sections#0#raw_size,sections#0#virtual_size,sections#1#name,sections#1#entropy,sections#1#raw_size,sections#1#virtual_size,sections#2#name,sections#2#entropy,sections#2#raw_size,sections#2#virtual_size,sections#3#name,sections#3#entropy,sections#3#raw_size,sections#3#virtual_size,sections#4#name,sections#4#entropy,sections#4#raw_size,sections#4#virtual_size,,,,,,,,,,,,,,,,,,,,,,,,,,,,,,,,,,,,,,,,,,,,,,,,,,,,,,,,,,,,
.text,6.45,86016,82722,.rdata,4.5,24576,22014,.data,7.8,69632,83144,.sxdata,0,4096,4,.rsrc,3.2,16384,12584,,,,,,,,,,,,,,,,,,,,,,,,,,,,,,,,,,,,,,,,,,,,,,,,,,,,,,,,,,,,
sections#0#name,sections#0#entropy,sections#0#raw_size,sections#0#virtual_size,sections#1#name,sections#1#entropy,sections#1#raw_size,sections#1#virtual_size,sections#2#name,sections#2#entropy,sections#2#raw_size,sections#2#virtual_size,sections#3#name,sections#3#entropy,sections#3#raw_size,sections#3#virtual_size,sections#4#name,sections#4#entropy,sections#4#raw_size,sections#4#virtual_size,sections#5#name,sections#5#entropy,sections#5#raw_size,sections#5#virtual_size,sections#6#name,sections#6#entropy,sections#6#raw_size,sections#6#virtual_size,sections#7#name,sections#7#entropy,sections#7#raw_size,sections#7#virtual_size,sections#8#name,sections#8#entropy,sections#8#raw_size,sections#8#virtual_size,sections#9#name,sections#9#entropy,sections#9#raw_size,sections#9#virtual_size,,,,,,,,,,,,,,,,,,,,,,,,,,,,,,,,,,,,,,,,
.text,6.21,468992,468504,.data,6.36,81408,80956,.rdata,5.28,28672,28384,.eh_fram,4.63,143872,143804,.bss,0,0,3040,.edata,0.96,512,80,.idata,4.61,3072,2588,.CRT,0.11,512,24,.tls,0.22,512,32,.reloc,6.69,19456,19248,,,,,,,,,,,,,,,,,,,,,,,,,,,,,,,,,,,,,,,,
sections#0#name,sections#0#entropy,sections#0#raw_size,sections#0#virtual_size,sections#1#name,sections#1#entropy,sections#1#raw_size,sections#1#virtual_size,sections#2#name,sections#2#entropy,sections#2#raw_size,sections#2#virtual_size,,,,,,,,,,,,,,,,,,,,,,,,,,,,,,,,,,,,,,,,,,,,,,,,,,,,,,,,,,,,,,,,,,,,
.text,5.34,196608,195088,.data,0,4096,18100,.rsrc,7.17,290816,289176,,,,,,,,,,,,,,,,,,,,,,,,,,,,,,,,,,,,,,,,,,,,,,,,,,,,,,,,,,,,,,,,,,,,
sections#0#name,sections#0#entropy,sections#0#raw_size,sections#0#virtual_size,sections#1#name,sections#1#entropy,sections#1#raw_size,sections#1#virtual_size,sections#2#name,sections#2#entropy,sections#2#raw_size,sections#2#virtual_size,sections#3#name,sections#3#entropy,sections#3#raw_size,sections#3#virtual_size,sections#4#name,sections#4#entropy,sections#4#raw_size,sections#4#virtual_size,sections#5#name,sections#5#entropy,sections#5#raw_size,sections#5#virtual_size,sections#6#name,sections#6#entropy,sections#6#raw_size,sections#6#virtual_size,sections#7#name,sections#7#entropy,sections#7#raw_size,sections#7#virtual_size,sections#8#name,sections#8#entropy,sections#8#raw_size,sections#8#virtual_size,sections#9#name,sections#9#entropy,sections#9#raw_size,sections#9#virtual_size,,,,,,,,,,,,,,,,,,,,,,,,,,,,,,,,,,,,,,,,
.text,6.22,468992,468504,.data,6.59,91648,91196,.rdata,5.28,28672,28384,.eh_fram,4.63,143872,143804,.bss,0,0,3040,.edata,0.96,512,80,.idata,4.65,3072,2588,.CRT,0.11,512,24,.tls,0.22,512,32,.reloc,6.69,19456,19248,,,,,,,,,,,,,,,,,,,,,,,,,,,,,,,,,,,,,,,,
sections#0#name,sections#0#entropy,sections#0#raw_size,sections#0#virtual_size,sections#1#name,sections#1#entropy,sections#1#raw_size,sections#1#virtual_size,sections#2#name,sections#2#entropy,sections#2#raw_size,sections#2#virtual_size,,,,,,,,,,,,,,,,,,,,,,,,,,,,,,,,,,,,,,,,,,,,,,,,,,,,,,,,,,,,,,,,,,,,
.text,5.34,196608,195088,.data,0,4096,18100,.rsrc,7.17,290816,289176,,,,,,,,,,,,,,,,,,,,,,,,,,,,,,,,,,,,,,,,,,,,,,,,,,,,,,,,,,,,,,,,,,,,
sections#0#name,sections#0#entropy,sections#0#raw_size,sections#0#virtual_size,sections#1#name,sections#1#entropy,sections#1#raw_size,sections#1#virtual_size,sections#2#name,sections#2#entropy,sections#2#raw_size,sections#2#virtual_size,sections#3#name,sections#3#entropy,sections#3#raw_size,sections#3#virtual_size,sections#4#name,sections#4#entropy,sections#4#raw_size,sections#4#virtual_size,sections#5#name,sections#5#entropy,sections#5#raw_size,sections#5#virtual_size,,,,,,,,,,,,,,,,,,,,,,,,,,,,,,,,,,,,,,,,,,,,,,,,,,,,,,,,
.text,4.75,57344,54493,.rdata,3.01,8192,7408,.data,5.58,114688,113884,.idata,4.34,8192,7283,.rsrc,3.49,16384,13852,.reloc,3.69,8192,4610,,,,,,,,,,,,,,,,,,,,,,,,,,,,,,,,,,,,,,,,,,,,,,,,,,,,,,,,
sections#0#name,sections#0#entropy,sections#0#raw_size,sections#0#virtual_size,sections#1#name,sections#1#entropy,sections#1#raw_size,sections#1#virtual_size,sections#2#name,sections#2#entropy,sections#2#raw_size,sections#2#virtual_size,sections#3#name,sections#3#entropy,sections#3#raw_size,sections#3#virtual_size,sections#4#name,sections#4#entropy,sections#4#raw_size,sections#4#virtual_size,,,,,,,,,,,,,,,,,,,,,,,,,,,,,,,,,,,,,,,,,,,,,,,,,,,,,,,,,,,,
.text,6.45,86016,82722,.rdata,4.5,24576,22014,.data,7.87,73728,88264,.sxdata,0,4096,4,.rsrc,3.2,16384,12584,,,,,,,,,,,,,,,,,,,,,,,,,,,,,,,,,,,,,,,,,,,,,,,,,,,,,,,,,,,,
sections#0#name,sections#0#entropy,sections#0#raw_size,sections#0#virtual_size,sections#1#name,sections#1#entropy,sections#1#raw_size,sections#1#virtual_size,sections#2#name,sections#2#entropy,sections#2#raw_size,sections#2#virtual_size,sections#3#name,sections#3#entropy,sections#3#raw_size,sections#3#virtual_size,sections#4#name,sections#4#entropy,sections#4#raw_size,sections#4#virtual_size,sections#5#name,sections#5#entropy,sections#5#raw_size,sections#5#virtual_size,,,,,,,,,,,,,,,,,,,,,,,,,,,,,,,,,,,,,,,,,,,,,,,,,,,,,,,,
.text,4.46,40960,38564,.rdata,2.84,8192,6672,.data,5.5,114688,111588,.idata,3.15,8192,5142,.rsrc,3.14,12288,9506,.reloc,5.27,4096,3804,,,,,,,,,,,,,,,,,,,,,,,,,,,,,,,,,,,,,,,,,,,,,,,,,,,,,,,,
sections#0#name,sections#0#entropy,sections#0#raw_size,sections#0#virtual_size,sections#1#name,sections#1#entropy,sections#1#raw_size,sections#1#virtual_size,sections#2#name,sections#2#entropy,sections#2#raw_size,sections#2#virtual_size,sections#3#name,sections#3#entropy,sections#3#raw_size,sections#3#virtual_size,sections#4#name,sections#4#entropy,sections#4#raw_size,sections#4#virtual_size,sections#5#name,sections#5#entropy,sections#5#raw_size,sections#5#virtual_size,sections#6#name,sections#6#entropy,sections#6#raw_size,sections#6#virtual_size,sections#7#name,sections#7#entropy,sections#7#raw_size,sections#7#virtual_size,sections#8#name,sections#8#entropy,sections#8#raw_size,sections#8#virtual_size,sections#9#name,sections#9#entropy,sections#9#raw_size,sections#9#virtual_size,sections#10#name,sections#10#entropy,sections#10#raw_size,sections#10#virtual_size,sections#11#name,sections#11#entropy,sections#11#raw_size,sections#11#virtual_size,sections#12#name,sections#12#entropy,sections#12#raw_size,sections#12#virtual_size,sections#13#name,sections#13#entropy,sections#13#raw_size,sections#13#virtual_size,sections#14#name,sections#14#entropy,sections#14#raw_size,sections#14#virtual_size,sections#15#name,sections#15#entropy,sections#15#raw_size,sections#15#virtual_size,sections#16#name,sections#16#entropy,sections#16#raw_size,sections#16#virtual_size,sections#17#name,sections#17#entropy,sections#17#raw_size,sections#17#virtual_size,sections#18#name,sections#18#entropy,sections#18#raw_size,sections#18#virtual_size,sections#19#name,sections#19#entropy,sections#19#raw_size,sections#19#virtual_size
.text,5.9,10240,9792,.data,8,66048,65936,.rdata,3.25,1024,528,.bss,0,0,728,.edata,1.01,512,84,.idata,4.61,2048,1752,.CRT,0.11,512,24,.tls,0.22,512,32,.rsrc,1.52,512,220,.reloc,5.88,512,496,/4,1.22,512,256,/19,4.41,1024,931,/35,4.47,1536,1266,/51,5.92,14336,14134,/63,4.09,3072,2657,/77,4.79,2560,2104,/89,3.6,1536,1044,/102,3.27,512,271,/113,3.12,3072,3015,/124,0.37,512,72
sections#0#name,sections#0#entropy,sections#0#raw_size,sections#0#virtual_size,sections#1#name,sections#1#entropy,sections#1#raw_size,sections#1#virtual_size,sections#2#name,sections#2#entropy,sections#2#raw_size,sections#2#virtual_size,sections#3#name,sections#3#entropy,sections#3#raw_size,sections#3#virtual_size,,,,,,,,,,,,,,,,,,,,,,,,,,,,,,,,,,,,,,,,,,,,,,,,,,,,,,,,,,,,,,,,
.text,6.65,217088,216960,.rdata,6.1,151552,149066,.data,3.91,12288,25948,.rsrc,4.02,20480,17920,,,,,,,,,,,,,,,,,,,,,,,,,,,,,,,,,,,,,,,,,,,,,,,,,,,,,,,,,,,,,,,,
sections#0#name,sections#0#entropy,sections#0#raw_size,sections#0#virtual_size,sections#1#name,sections#1#entropy,sections#1#raw_size,sections#1#virtual_size,sections#2#name,sections#2#entropy,sections#2#raw_size,sections#2#virtual_size,sections#3#name,sections#3#entropy,sections#3#raw_size,sections#3#virtual_size,sections#4#name,sections#4#entropy,sections#4#raw_size,sections#4#virtual_size,sections#5#name,sections#5#entropy,sections#5#raw_size,sections#5#virtual_size,,,,,,,,,,,,,,,,,,,,,,,,,,,,,,,,,,,,,,,,,,,,,,,,,,,,,,,,
.text,4.75,57344,54493,.rdata,3.01,8192,7408,.data,5.58,114688,113884,.idata,4.34,8192,7283,.rsrc,3.49,16384,13852,.reloc,3.69,8192,4610,,,,,,,,,,,,,,,,,,,,,,,,,,,,,,,,,,,,,,,,,,,,,,,,,,,,,,,,
sections#0#name,sections#0#entropy,sections#0#raw_size,sections#0#virtual_size,sections#1#name,sections#1#entropy,sections#1#raw_size,sections#1#virtual_size,sections#2#name,sections#2#entropy,sections#2#raw_size,sections#2#virtual_size,sections#3#name,sections#3#entropy,sections#3#raw_size,sections#3#virtual_size,,,,,,,,,,,,,,,,,,,,,,,,,,,,,,,,,,,,,,,,,,,,,,,,,,,,,,,,,,,,,,,,
.text,6.62,249856,248278,.rdata,6.14,155648,155126,.data,4.18,12288,27100,.rsrc,3.68,28672,26348,,,,,,,,,,,,,,,,,,,,,,,,,,,,,,,,,,,,,,,,,,,,,,,,,,,,,,,,,,,,,,,,
sections#0#name,sections#0#entropy,sections#0#raw_size,sections#0#virtual_size,sections#1#name,sections#1#entropy,sections#1#raw_size,sections#1#virtual_size,sections#2#name,sections#2#entropy,sections#2#raw_size,sections#2#virtual_size,sections#3#name,sections#3#entropy,sections#3#raw_size,sections#3#virtual_size,sections#4#name,sections#4#entropy,sections#4#raw_size,sections#4#virtual_size,sections#5#name,sections#5#entropy,sections#5#raw_size,sections#5#virtual_size,sections#6#name,sections#6#entropy,sections#6#raw_size,sections#6#virtual_size,sections#7#name,sections#7#entropy,sections#7#raw_size,sections#7#virtual_size,sections#8#name,sections#8#entropy,sections#8#raw_size,sections#8#virtual_size,sections#9#name,sections#9#entropy,sections#9#raw_size,sections#9#virtual_size,sections#10#name,sections#10#entropy,sections#10#raw_size,sections#10#virtual_size,sections#11#name,sections#11#entropy,sections#11#raw_size,sections#11#virtual_size,sections#12#name,sections#12#entropy,sections#12#raw_size,sections#12#virtual_size,sections#13#name,sections#13#entropy,sections#13#raw_size,sections#13#virtual_size,sections#14#name,sections#14#entropy,sections#14#raw_size,sections#14#virtual_size,sections#15#name,sections#15#entropy,sections#15#raw_size,sections#15#virtual_size,sections#16#name,sections#16#entropy,sections#16#raw_size,sections#16#virtual_size,sections#17#name,sections#17#entropy,sections#17#raw_size,sections#17#virtual_size,,,,,,,,
.text,5.86,9728,9280,.data,0.25,512,24,.rdata,6.03,76288,76080,.bss,0,0,728,.idata,4.6,2048,1752,.CRT,0.11,512,24,.tls,0.22,512,32,.rsrc,1.53,512,220,/4,1.22,512,256,/19,4.41,1024,931,/35,4.47,1536,1266,/51,5.92,14336,14134,/63,4.09,3072,2657,/77,4.79,2560,2104,/89,3.6,1536,1044,/102,3.27,512,271,/113,3.12,3072,3015,/124,0.37,512,72,,,,,,,,
sections#0#name,sections#0#entropy,sections#0#raw_size,sections#0#virtual_size,sections#1#name,sections#1#entropy,sections#1#raw_size,sections#1#virtual_size,sections#2#name,sections#2#entropy,sections#2#raw_size,sections#2#virtual_size,sections#3#name,sections#3#entropy,sections#3#raw_size,sections#3#virtual_size,sections#4#name,sections#4#entropy,sections#4#raw_size,sections#4#virtual_size,,,,,,,,,,,,,,,,,,,,,,,,,,,,,,,,,,,,,,,,,,,,,,,,,,,,,,,,,,,,
.text,6.45,86016,82722,.rdata,4.5,24576,22014,.data,7.8,69632,83144,.sxdata,0,4096,4,.rsrc,3.2,16384,12584,,,,,,,,,,,,,,,,,,,,,,,,,,,,,,,,,,,,,,,,,,,,,,,,,,,,,,,,,,,,
sections#0#name,sections#0#entropy,sections#0#raw_size,sections#0#virtual_size,sections#1#name,sections#1#entropy,sections#1#raw_size,sections#1#virtual_size,sections#2#name,sections#2#entropy,sections#2#raw_size,sections#2#virtual_size,sections#3#name,sections#3#entropy,sections#3#raw_size,sections#3#virtual_size,,,,,,,,,,,,,,,,,,,,,,,,,,,,,,,,,,,,,,,,,,,,,,,,,,,,,,,,,,,,,,,,
.text,6.61,249856,247254,.rdata,6.14,155648,155126,.data,4.18,12288,27100,.rsrc,3.24,32768,31196,,,,,,,,,,,,,,,,,,,,,,,,,,,,,,,,,,,,,,,,,,,,,,,,,,,,,,,,,,,,,,,,
sections#0#name,sections#0#entropy,sections#0#raw_size,sections#0#virtual_size,sections#1#name,sections#1#entropy,sections#1#raw_size,sections#1#virtual_size,sections#2#name,sections#2#entropy,sections#2#raw_size,sections#2#virtual_size,sections#3#name,sections#3#entropy,sections#3#raw_size,sections#3#virtual_size,sections#4#name,sections#4#entropy,sections#4#raw_size,sections#4#virtual_size,,,,,,,,,,,,,,,,,,,,,,,,,,,,,,,,,,,,,,,,,,,,,,,,,,,,,,,,,,,,
.text,6.45,86016,82722,.rdata,4.49,24576,22014,.data,7.85,65536,80072,.sxdata,0,4096,4,.rsrc,3.2,16384,12584,,,,,,,,,,,,,,,,,,,,,,,,,,,,,,,,,,,,,,,,,,,,,,,,,,,,,,,,,,,,
sections#0#name,sections#0#entropy,sections#0#raw_size,sections#0#virtual_size,sections#1#name,sections#1#entropy,sections#1#raw_size,sections#1#virtual_size,sections#2#name,sections#2#entropy,sections#2#raw_size,sections#2#virtual_size,sections#3#name,sections#3#entropy,sections#3#raw_size,sections#3#virtual_size,sections#4#name,sections#4#entropy,sections#4#raw_size,sections#4#virtual_size,,,,,,,,,,,,,,,,,,,,,,,,,,,,,,,,,,,,,,,,,,,,,,,,,,,,,,,,,,,,
.text,6.45,86016,82722,.rdata,4.5,24576,22014,.data,7.8,69632,83144,.sxdata,0,4096,4,.rsrc,3.2,16384,12584,,,,,,,,,,,,,,,,,,,,,,,,,,,,,,,,,,,,,,,,,,,,,,,,,,,,,,,,,,,,
sections#0#name,sections#0#entropy,sections#0#raw_size,sections#0#virtual_size,sections#1#name,sections#1#entropy,sections#1#raw_size,sections#1#virtual_size,sections#2#name,sections#2#entropy,sections#2#raw_size,sections#2#virtual_size,sections#3#name,sections#3#entropy,sections#3#raw_size,sections#3#virtual_size,sections#4#name,sections#4#entropy,sections#4#raw_size,sections#4#virtual_size,,,,,,,,,,,,,,,,,,,,,,,,,,,,,,,,,,,,,,,,,,,,,,,,,,,,,,,,,,,,
.text,6.42,94208,92366,.rdata,4.63,24576,23526,.data,6.08,90112,104425,.sxdata,0,4096,4,.rsrc,3.2,16384,12584,,,,,,,,,,,,,,,,,,,,,,,,,,,,,,,,,,,,,,,,,,,,,,,,,,,,,,,,,,,,
sections#0#name,sections#0#entropy,sections#0#raw_size,sections#0#virtual_size,sections#1#name,sections#1#entropy,sections#1#raw_size,sections#1#virtual_size,sections#2#name,sections#2#entropy,sections#2#raw_size,sections#2#virtual_size,sections#3#name,sections#3#entropy,sections#3#raw_size,sections#3#virtual_size,,,,,,,,,,,,,,,,,,,,,,,,,,,,,,,,,,,,,,,,,,,,,,,,,,,,,,,,,,,,,,,,
.text,5.65,16384,14502,.rdata,4.85,4096,3533,.data,6.04,81920,81960,.rsrc,2.03,8192,4184,,,,,,,,,,,,,,,,,,,,,,,,,,,,,,,,,,,,,,,,,,,,,,,,,,,,,,,,,,,,,,,,
sections#0#name,sections#0#entropy,sections#0#raw_size,sections#0#virtual_size,sections#1#name,sections#1#entropy,sections#1#raw_size,sections#1#virtual_size,sections#2#name,sections#2#entropy,sections#2#raw_size,sections#2#virtual_size,sections#3#name,sections#3#entropy,sections#3#raw_size,sections#3#virtual_size,,,,,,,,,,,,,,,,,,,,,,,,,,,,,,,,,,,,,,,,,,,,,,,,,,,,,,,,,,,,,,,,
.text,6.25,23552,23331,.rdata,6.07,239104,238726,.data,0.9,2048,2772,.rsrc,5.19,1024,688,,,,,,,,,,,,,,,,,,,,,,,,,,,,,,,,,,,,,,,,,,,,,,,,,,,,,,,,,,,,,,,,
sections#0#name,sections#0#entropy,sections#0#raw_size,sections#0#virtual_size,sections#1#name,sections#1#entropy,sections#1#raw_size,sections#1#virtual_size,sections#2#name,sections#2#entropy,sections#2#raw_size,sections#2#virtual_size,sections#3#name,sections#3#entropy,sections#3#raw_size,sections#3#virtual_size,sections#4#name,sections#4#entropy,sections#4#raw_size,sections#4#virtual_size,,,,,,,,,,,,,,,,,,,,,,,,,,,,,,,,,,,,,,,,,,,,,,,,,,,,,,,,,,,,
.text,6.63,40448,40148,.rdata,5.51,9216,9131,.data,7.83,202240,109143180,.rsrc,5.32,46080,46040,.reloc,1.1,24064,24036,,,,,,,,,,,,,,,,,,,,,,,,,,,,,,,,,,,,,,,,,,,,,,,,,,,,,,,,,,,,
sections#0#name,sections#0#entropy,sections#0#raw_size,sections#0#virtual_size,sections#1#name,sections#1#entropy,sections#1#raw_size,sections#1#virtual_size,sections#2#name,sections#2#entropy,sections#2#raw_size,sections#2#virtual_size,sections#3#name,sections#3#entropy,sections#3#raw_size,sections#3#virtual_size,sections#4#name,sections#4#entropy,sections#4#raw_size,sections#4#virtual_size,,,,,,,,,,,,,,,,,,,,,,,,,,,,,,,,,,,,,,,,,,,,,,,,,,,,,,,,,,,,
.text,6.45,86016,82722,.rdata,4.5,24576,22014,.data,7.8,69632,83144,.sxdata,0,4096,4,.rsrc,3.2,16384,12584,,,,,,,,,,,,,,,,,,,,,,,,,,,,,,,,,,,,,,,,,,,,,,,,,,,,,,,,,,,,
sections#0#name,sections#0#entropy,sections#0#raw_size,sections#0#virtual_size,sections#1#name,sections#1#entropy,sections#1#raw_size,sections#1#virtual_size,sections#2#name,sections#2#entropy,sections#2#raw_size,sections#2#virtual_size,sections#3#name,sections#3#entropy,sections#3#raw_size,sections#3#virtual_size,sections#4#name,sections#4#entropy,sections#4#raw_size,sections#4#virtual_size,,,,,,,,,,,,,,,,,,,,,,,,,,,,,,,,,,,,,,,,,,,,,,,,,,,,,,,,,,,,
.text,6.45,86016,82722,.rdata,4.5,24576,22014,.data,7.87,73728,88264,.sxdata,0,4096,4,.rsrc,3.2,16384,12584,,,,,,,,,,,,,,,,,,,,,,,,,,,,,,,,,,,,,,,,,,,,,,,,,,,,,,,,,,,,
sections#0#name,sections#0#entropy,sections#0#raw_size,sections#0#virtual_size,sections#1#name,sections#1#entropy,sections#1#raw_size,sections#1#virtual_size,sections#2#name,sections#2#entropy,sections#2#raw_size,sections#2#virtual_size,sections#3#name,sections#3#entropy,sections#3#raw_size,sections#3#virtual_size,sections#4#name,sections#4#entropy,sections#4#raw_size,sections#4#virtual_size,,,,,,,,,,,,,,,,,,,,,,,,,,,,,,,,,,,,,,,,,,,,,,,,,,,,,,,,,,,,
.text,6.43,94208,92734,.rdata,4.64,24576,23558,.data,6.06,98304,111273,.sxdata,0,4096,4,.rsrc,3.2,16384,12584,,,,,,,,,,,,,,,,,,,,,,,,,,,,,,,,,,,,,,,,,,,,,,,,,,,,,,,,,,,,
sections#0#name,sections#0#entropy,sections#0#raw_size,sections#0#virtual_size,sections#1#name,sections#1#entropy,sections#1#raw_size,sections#1#virtual_size,sections#2#name,sections#2#entropy,sections#2#raw_size,sections#2#virtual_size,sections#3#name,sections#3#entropy,sections#3#raw_size,sections#3#virtual_size,sections#4#name,sections#4#entropy,sections#4#raw_size,sections#4#virtual_size,,,,,,,,,,,,,,,,,,,,,,,,,,,,,,,,,,,,,,,,,,,,,,,,,,,,,,,,,,,,
.text,6.42,94208,92366,.rdata,4.63,24576,23526,.data,6.08,90112,104425,.sxdata,0,4096,4,.rsrc,3.2,16384,12584,,,,,,,,,,,,,,,,,,,,,,,,,,,,,,,,,,,,,,,,,,,,,,,,,,,,,,,,,,,,
sections#0#name,sections#0#entropy,sections#0#raw_size,sections#0#virtual_size,sections#1#name,sections#1#entropy,sections#1#raw_size,sections#1#virtual_size,sections#2#name,sections#2#entropy,sections#2#raw_size,sections#2#virtual_size,sections#3#name,sections#3#entropy,sections#3#raw_size,sections#3#virtual_size,sections#4#name,sections#4#entropy,sections#4#raw_size,sections#4#virtual_size,,,,,,,,,,,,,,,,,,,,,,,,,,,,,,,,,,,,,,,,,,,,,,,,,,,,,,,,,,,,
.text,6.45,86016,82722,.rdata,4.5,24576,22014,.data,7.87,73728,88264,.sxdata,0,4096,4,.rsrc,3.2,16384,12584,,,,,,,,,,,,,,,,,,,,,,,,,,,,,,,,,,,,,,,,,,,,,,,,,,,,,,,,,,,,
sections#0#name,sections#0#entropy,sections#0#raw_size,sections#0#virtual_size,sections#1#name,sections#1#entropy,sections#1#raw_size,sections#1#virtual_size,sections#2#name,sections#2#entropy,sections#2#raw_size,sections#2#virtual_size,,,,,,,,,,,,,,,,,,,,,,,,,,,,,,,,,,,,,,,,,,,,,,,,,,,,,,,,,,,,,,,,,,,,
.text,5.3,196608,193564,.data,0,4096,18084,.rsrc,7.16,290816,287196,,,,,,,,,,,,,,,,,,,,,,,,,,,,,,,,,,,,,,,,,,,,,,,,,,,,,,,,,,,,,,,,,,,,
sections#0#name,sections#0#entropy,sections#0#raw_size,sections#0#virtual_size,sections#1#name,sections#1#entropy,sections#1#raw_size,sections#1#virtual_size,sections#2#name,sections#2#entropy,sections#2#raw_size,sections#2#virtual_size,sections#3#name,sections#3#entropy,sections#3#raw_size,sections#3#virtual_size,sections#4#name,sections#4#entropy,sections#4#raw_size,sections#4#virtual_size,sections#5#name,sections#5#entropy,sections#5#raw_size,sections#5#virtual_size,sections#6#name,sections#6#entropy,sections#6#raw_size,sections#6#virtual_size,,,,,,,,,,,,,,,,,,,,,,,,,,,,,,,,,,,,,,,,,,,,,,,,,,,,
.text,5.63,160768,160496,.data,0.2,512,44,.rdata,6.2,98304,98080,.bss,0,0,19524,.idata,5.11,3584,3488,.CRT,0.11,512,24,.tls,0.22,512,32,,,,,,,,,,,,,,,,,,,,,,,,,,,,,,,,,,,,,,,,,,,,,,,,,,,,
sections#0#name,sections#0#entropy,sections#0#raw_size,sections#0#virtual_size,sections#1#name,sections#1#entropy,sections#1#raw_size,sections#1#virtual_size,sections#2#name,sections#2#entropy,sections#2#raw_size,sections#2#virtual_size,sections#3#name,sections#3#entropy,sections#3#raw_size,sections#3#virtual_size,,,,,,,,,,,,,,,,,,,,,,,,,,,,,,,,,,,,,,,,,,,,,,,,,,,,,,,,,,,,,,,,
.text,7.02,45056,43366,.rdata,5.32,4096,4070,.data,4.41,16384,28764,.rsrc,1.96,4096,1992,,,,,,,,,,,,,,,,,,,,,,,,,,,,,,,,,,,,,,,,,,,,,,,,,,,,,,,,,,,,,,,,
sections#0#name,sections#0#entropy,sections#0#raw_size,sections#0#virtual_size,sections#1#name,sections#1#entropy,sections#1#raw_size,sections#1#virtual_size,sections#2#name,sections#2#entropy,sections#2#raw_size,sections#2#virtual_size,sections#3#name,sections#3#entropy,sections#3#raw_size,sections#3#virtual_size,sections#4#name,sections#4#entropy,sections#4#raw_size,sections#4#virtual_size,,,,,,,,,,,,,,,,,,,,,,,,,,,,,,,,,,,,,,,,,,,,,,,,,,,,,,,,,,,,
.text,6.43,45056,43366,.rdata,5.37,4096,4070,.data,4.41,16384,28764,.rsrc,1.96,4096,1992,.text,5.19,5120,4860,,,,,,,,,,,,,,,,,,,,,,,,,,,,,,,,,,,,,,,,,,,,,,,,,,,,,,,,,,,,
sections#0#name,sections#0#entropy,sections#0#raw_size,sections#0#virtual_size,sections#1#name,sections#1#entropy,sections#1#raw_size,sections#1#virtual_size,sections#2#name,sections#2#entropy,sections#2#raw_size,sections#2#virtual_size,sections#3#name,sections#3#entropy,sections#3#raw_size,sections#3#virtual_size,sections#4#name,sections#4#entropy,sections#4#raw_size,sections#4#virtual_size,,,,,,,,,,,,,,,,,,,,,,,,,,,,,,,,,,,,,,,,,,,,,,,,,,,,,,,,,,,,
.text,6.43,45056,43366,.rdata,5.36,4096,4070,.data,4.41,16384,28764,.rsrc,1.96,4096,1992,.text,4.8,5120,4644,,,,,,,,,,,,,,,,,,,,,,,,,,,,,,,,,,,,,,,,,,,,,,,,,,,,,,,,,,,,
sections#0#name,sections#0#entropy,sections#0#raw_size,sections#0#virtual_size,sections#1#name,sections#1#entropy,sections#1#raw_size,sections#1#virtual_size,sections#2#name,sections#2#entropy,sections#2#raw_size,sections#2#virtual_size,sections#3#name,sections#3#entropy,sections#3#raw_size,sections#3#virtual_size,,,,,,,,,,,,,,,,,,,,,,,,,,,,,,,,,,,,,,,,,,,,,,,,,,,,,,,,,,,,,,,,
.text,7.01,45056,43366,.rdata,5.32,4096,4070,.data,4.41,16384,28764,.rsrc,1.96,4096,1992,,,,,,,,,,,,,,,,,,,,,,,,,,,,,,,,,,,,,,,,,,,,,,,,,,,,,,,,,,,,,,,,
sections#0#name,sections#0#entropy,sections#0#raw_size,sections#0#virtual_size,sections#1#name,sections#1#entropy,sections#1#raw_size,sections#1#virtual_size,sections#2#name,sections#2#entropy,sections#2#raw_size,sections#2#virtual_size,sections#3#name,sections#3#entropy,sections#3#raw_size,sections#3#virtual_size,,,,,,,,,,,,,,,,,,,,,,,,,,,,,,,,,,,,,,,,,,,,,,,,,,,,,,,,,,,,,,,,
.text,7.01,45056,43366,.rdata,5.32,4096,4070,.data,4.41,16384,28764,.rsrc,1.96,4096,1992,,,,,,,,,,,,,,,,,,,,,,,,,,,,,,,,,,,,,,,,,,,,,,,,,,,,,,,,,,,,,,,,
sections#0#name,sections#0#entropy,sections#0#raw_size,sections#0#virtual_size,sections#1#name,sections#1#entropy,sections#1#raw_size,sections#1#virtual_size,sections#2#name,sections#2#entropy,sections#2#raw_size,sections#2#virtual_size,sections#3#name,sections#3#entropy,sections#3#raw_size,sections#3#virtual_size,,,,,,,,,,,,,,,,,,,,,,,,,,,,,,,,,,,,,,,,,,,,,,,,,,,,,,,,,,,,,,,,
.text,7.02,45056,43366,.rdata,5.32,4096,4070,.data,4.41,16384,28764,.rsrc,1.96,4096,1992,,,,,,,,,,,,,,,,,,,,,,,,,,,,,,,,,,,,,,,,,,,,,,,,,,,,,,,,,,,,,,,,
sections#0#name,sections#0#entropy,sections#0#raw_size,sections#0#virtual_size,sections#1#name,sections#1#entropy,sections#1#raw_size,sections#1#virtual_size,sections#2#name,sections#2#entropy,sections#2#raw_size,sections#2#virtual_size,sections#3#name,sections#3#entropy,sections#3#raw_size,sections#3#virtual_size,sections#4#name,sections#4#entropy,sections#4#raw_size,sections#4#virtual_size,,,,,,,,,,,,,,,,,,,,,,,,,,,,,,,,,,,,,,,,,,,,,,,,,,,,,,,,,,,,
.text,6.43,45056,43366,.rdata,5.36,4096,4070,.data,4.41,16384,28764,.rsrc,1.96,4096,1992,.text,4.86,5120,4676,,,,,,,,,,,,,,,,,,,,,,,,,,,,,,,,,,,,,,,,,,,,,,,,,,,,,,,,,,,,
sections#0#name,sections#0#entropy,sections#0#raw_size,sections#0#virtual_size,sections#1#name,sections#1#entropy,sections#1#raw_size,sections#1#virtual_size,sections#2#name,sections#2#entropy,sections#2#raw_size,sections#2#virtual_size,sections#3#name,sections#3#entropy,sections#3#raw_size,sections#3#virtual_size,,,,,,,,,,,,,,,,,,,,,,,,,,,,,,,,,,,,,,,,,,,,,,,,,,,,,,,,,,,,,,,,
.text,6.69,221184,219521,.rdata,6.38,69632,68846,.data,1.52,8192,13540,.rsrc,4.67,12288,12288,,,,,,,,,,,,,,,,,,,,,,,,,,,,,,,,,,,,,,,,,,,,,,,,,,,,,,,,,,,,,,,,
sections#0#name,sections#0#entropy,sections#0#raw_size,sections#0#virtual_size,sections#1#name,sections#1#entropy,sections#1#raw_size,sections#1#virtual_size,sections#2#name,sections#2#entropy,sections#2#raw_size,sections#2#virtual_size,sections#3#name,sections#3#entropy,sections#3#raw_size,sections#3#virtual_size,,,,,,,,,,,,,,,,,,,,,,,,,,,,,,,,,,,,,,,,,,,,,,,,,,,,,,,,,,,,,,,,
.text,6.39,145408,145283,.rdata,5.13,34304,34220,.data,2.83,18432,204200,.rsrc,4.42,62464,62224,,,,,,,,,,,,,,,,,,,,,,,,,,,,,,,,,,,,,,,,,,,,,,,,,,,,,,,,,,,,,,,,
sections#0#name,sections#0#entropy,sections#0#raw_size,sections#0#virtual_size,sections#1#name,sections#1#entropy,sections#1#raw_size,sections#1#virtual_size,sections#2#name,sections#2#entropy,sections#2#raw_size,sections#2#virtual_size,sections#3#name,sections#3#entropy,sections#3#raw_size,sections#3#virtual_size,,,,,,,,,,,,,,,,,,,,,,,,,,,,,,,,,,,,,,,,,,,,,,,,,,,,,,,,,,,,,,,,
.text,7,45056,43366,.rdata,5.32,4096,4070,.data,4.41,16384,28764,.rsrc,1.96,4096,1992,,,,,,,,,,,,,,,,,,,,,,,,,,,,,,,,,,,,,,,,,,,,,,,,,,,,,,,,,,,,,,,,
sections#0#name,sections#0#entropy,sections#0#raw_size,sections#0#virtual_size,sections#1#name,sections#1#entropy,sections#1#raw_size,sections#1#virtual_size,sections#2#name,sections#2#entropy,sections#2#raw_size,sections#2#virtual_size,sections#3#name,sections#3#entropy,sections#3#raw_size,sections#3#virtual_size,sections#4#name,sections#4#entropy,sections#4#raw_size,sections#4#virtual_size,,,,,,,,,,,,,,,,,,,,,,,,,,,,,,,,,,,,,,,,,,,,,,,,,,,,,,,,,,,,
.text,6.43,115200,114811,.rdata,5.39,10752,10358,.data,1.55,169472,176240,.rsrc,5.11,512,436,.reloc,5.33,6656,6544,,,,,,,,,,,,,,,,,,,,,,,,,,,,,,,,,,,,,,,,,,,,,,,,,,,,,,,,,,,,
sections#0#name,sections#0#entropy,sections#0#raw_size,sections#0#virtual_size,sections#1#name,sections#1#entropy,sections#1#raw_size,sections#1#virtual_size,sections#2#name,sections#2#entropy,sections#2#raw_size,sections#2#virtual_size,sections#3#name,sections#3#entropy,sections#3#raw_size,sections#3#virtual_size,,,,,,,,,,,,,,,,,,,,,,,,,,,,,,,,,,,,,,,,,,,,,,,,,,,,,,,,,,,,,,,,
.text,7.02,45056,43366,.rdata,5.32,4096,4070,.data,4.41,16384,28764,.rsrc,1.96,4096,1992,,,,,,,,,,,,,,,,,,,,,,,,,,,,,,,,,,,,,,,,,,,,,,,,,,,,,,,,,,,,,,,,
sections#0#name,sections#0#entropy,sections#0#raw_size,sections#0#virtual_size,sections#1#name,sections#1#entropy,sections#1#raw_size,sections#1#virtual_size,sections#2#name,sections#2#entropy,sections#2#raw_size,sections#2#virtual_size,sections#3#name,sections#3#entropy,sections#3#raw_size,sections#3#virtual_size,sections#4#name,sections#4#entropy,sections#4#raw_size,sections#4#virtual_size,sections#5#name,sections#5#entropy,sections#5#raw_size,sections#5#virtual_size,,,,,,,,,,,,,,,,,,,,,,,,,,,,,,,,,,,,,,,,,,,,,,,,,,,,,,,,
.text,6.63,424960,424648,.rdata,5.77,205824,205506,.data,4.82,30720,35812,.rsrc,6.88,52224,51880,.text,5.74,4608,4272,.rsrc,6.88,52224,51868,,,,,,,,,,,,,,,,,,,,,,,,,,,,,,,,,,,,,,,,,,,,,,,,,,,,,,,,
sections#0#name,sections#0#entropy,sections#0#raw_size,sections#0#virtual_size,sections#1#name,sections#1#entropy,sections#1#raw_size,sections#1#virtual_size,sections#2#name,sections#2#entropy,sections#2#raw_size,sections#2#virtual_size,sections#3#name,sections#3#entropy,sections#3#raw_size,sections#3#virtual_size,sections#4#name,sections#4#entropy,sections#4#raw_size,sections#4#virtual_size,sections#5#name,sections#5#entropy,sections#5#raw_size,sections#5#virtual_size,,,,,,,,,,,,,,,,,,,,,,,,,,,,,,,,,,,,,,,,,,,,,,,,,,,,,,,,
.text,6.63,424960,424648,.rdata,5.77,205824,205506,.data,4.82,30720,35812,.rsrc,6.88,52224,51880,.text,5.76,4608,4280,.rsrc,6.88,52224,51868,,,,,,,,,,,,,,,,,,,,,,,,,,,,,,,,,,,,,,,,,,,,,,,,,,,,,,,,
sections#0#name,sections#0#entropy,sections#0#raw_size,sections#0#virtual_size,sections#1#name,sections#1#entropy,sections#1#raw_size,sections#1#virtual_size,sections#2#name,sections#2#entropy,sections#2#raw_size,sections#2#virtual_size,sections#3#name,sections#3#entropy,sections#3#raw_size,sections#3#virtual_size,sections#4#name,sections#4#entropy,sections#4#raw_size,sections#4#virtual_size,sections#5#name,sections#5#entropy,sections#5#raw_size,sections#5#virtual_size,sections#6#name,sections#6#entropy,sections#6#raw_size,sections#6#virtual_size,sections#7#name,sections#7#entropy,sections#7#raw_size,sections#7#virtual_size,sections#8#name,sections#8#entropy,sections#8#raw_size,sections#8#virtual_size,sections#9#name,sections#9#entropy,sections#9#raw_size,sections#9#virtual_size,sections#10#name,sections#10#entropy,sections#10#raw_size,sections#10#virtual_size,sections#11#name,sections#11#entropy,sections#11#raw_size,sections#11#virtual_size,sections#12#name,sections#12#entropy,sections#12#raw_size,sections#12#virtual_size,sections#13#name,sections#13#entropy,sections#13#raw_size,sections#13#virtual_size,,,,,,,,,,,,,,,,,,,,,,,,
.00cfg,0.06,512,4,.rdata,6.01,149504,149280,.bss,0,0,15012,.data,2.73,3072,2960,.gfids,1.97,512,180,.rsrc,3.93,12288,11952,.text,6.59,556032,555942,.xdata,2.02,2048,1548,.idata,5.63,8704,8400,.reloc,6.73,28160,28084,.text,6.24,1024,729,.idata,5.54,7168,7106,.rsrc,3.93,12288,11915,.reloc,6.73,28160,28076,,,,,,,,,,,,,,,,,,,,,,,,
sections#0#name,sections#0#entropy,sections#0#raw_size,sections#0#virtual_size,sections#1#name,sections#1#entropy,sections#1#raw_size,sections#1#virtual_size,sections#2#name,sections#2#entropy,sections#2#raw_size,sections#2#virtual_size,sections#3#name,sections#3#entropy,sections#3#raw_size,sections#3#virtual_size,,,,,,,,,,,,,,,,,,,,,,,,,,,,,,,,,,,,,,,,,,,,,,,,,,,,,,,,,,,,,,,,
.text,6.97,45056,43366,.rdata,5.32,4096,4070,.data,4.41,16384,28764,.rsrc,1.96,4096,1992,,,,,,,,,,,,,,,,,,,,,,,,,,,,,,,,,,,,,,,,,,,,,,,,,,,,,,,,,,,,,,,,
sections#0#name,sections#0#entropy,sections#0#raw_size,sections#0#virtual_size,sections#1#name,sections#1#entropy,sections#1#raw_size,sections#1#virtual_size,sections#2#name,sections#2#entropy,sections#2#raw_size,sections#2#virtual_size,sections#3#name,sections#3#entropy,sections#3#raw_size,sections#3#virtual_size,,,,,,,,,,,,,,,,,,,,,,,,,,,,,,,,,,,,,,,,,,,,,,,,,,,,,,,,,,,,,,,,
.text,7.04,45056,43366,.rdata,5.32,4096,4070,.data,4.41,16384,28764,.rsrc,1.96,4096,1992,,,,,,,,,,,,,,,,,,,,,,,,,,,,,,,,,,,,,,,,,,,,,,,,,,,,,,,,,,,,,,,,
sections#0#name,sections#0#entropy,sections#0#raw_size,sections#0#virtual_size,sections#1#name,sections#1#entropy,sections#1#raw_size,sections#1#virtual_size,sections#2#name,sections#2#entropy,sections#2#raw_size,sections#2#virtual_size,sections#3#name,sections#3#entropy,sections#3#raw_size,sections#3#virtual_size,sections#4#name,sections#4#entropy,sections#4#raw_size,sections#4#virtual_size,sections#5#name,sections#5#entropy,sections#5#raw_size,sections#5#virtual_size,,,,,,,,,,,,,,,,,,,,,,,,,,,,,,,,,,,,,,,,,,,,,,,,,,,,,,,,
.text,6.63,424960,424648,.rdata,5.77,205824,205506,.data,4.82,30720,35812,.rsrc,6.88,52224,51880,.text,5.26,5632,5320,.rsrc,6.88,52224,51868,,,,,,,,,,,,,,,,,,,,,,,,,,,,,,,,,,,,,,,,,,,,,,,,,,,,,,,,
sections#0#name,sections#0#entropy,sections#0#raw_size,sections#0#virtual_size,sections#1#name,sections#1#entropy,sections#1#raw_size,sections#1#virtual_size,sections#2#name,sections#2#entropy,sections#2#raw_size,sections#2#virtual_size,sections#3#name,sections#3#entropy,sections#3#raw_size,sections#3#virtual_size,,,,,,,,,,,,,,,,,,,,,,,,,,,,,,,,,,,,,,,,,,,,,,,,,,,,,,,,,,,,,,,,
.text,7.01,45056,43366,.rdata,5.32,4096,4070,.data,4.41,16384,28764,.rsrc,1.96,4096,1992,,,,,,,,,,,,,,,,,,,,,,,,,,,,,,,,,,,,,,,,,,,,,,,,,,,,,,,,,,,,,,,,
sections#0#name,sections#0#entropy,sections#0#raw_size,sections#0#virtual_size,sections#1#name,sections#1#entropy,sections#1#raw_size,sections#1#virtual_size,sections#2#name,sections#2#entropy,sections#2#raw_size,sections#2#virtual_size,sections#3#name,sections#3#entropy,sections#3#raw_size,sections#3#virtual_size,,,,,,,,,,,,,,,,,,,,,,,,,,,,,,,,,,,,,,,,,,,,,,,,,,,,,,,,,,,,,,,,
.text,7.03,45056,43366,.rdata,5.32,4096,4070,.data,4.41,16384,28764,.rsrc,1.96,4096,1992,,,,,,,,,,,,,,,,,,,,,,,,,,,,,,,,,,,,,,,,,,,,,,,,,,,,,,,,,,,,,,,,
sections#0#name,sections#0#entropy,sections#0#raw_size,sections#0#virtual_size,sections#1#name,sections#1#entropy,sections#1#raw_size,sections#1#virtual_size,sections#2#name,sections#2#entropy,sections#2#raw_size,sections#2#virtual_size,sections#3#name,sections#3#entropy,sections#3#raw_size,sections#3#virtual_size,sections#4#name,sections#4#entropy,sections#4#raw_size,sections#4#virtual_size,sections#5#name,sections#5#entropy,sections#5#raw_size,sections#5#virtual_size,,,,,,,,,,,,,,,,,,,,,,,,,,,,,,,,,,,,,,,,,,,,,,,,,,,,,,,,
.text,6.63,424960,424648,.rdata,5.77,205824,205506,.data,4.82,30720,35812,.rsrc,6.88,52224,51880,.text,5.77,4608,4280,.rsrc,6.88,52224,51868,,,,,,,,,,,,,,,,,,,,,,,,,,,,,,,,,,,,,,,,,,,,,,,,,,,,,,,,
sections#0#name,sections#0#entropy,sections#0#raw_size,sections#0#virtual_size,sections#1#name,sections#1#entropy,sections#1#raw_size,sections#1#virtual_size,sections#2#name,sections#2#entropy,sections#2#raw_size,sections#2#virtual_size,,,,,,,,,,,,,,,,,,,,,,,,,,,,,,,,,,,,,,,,,,,,,,,,,,,,,,,,,,,,,,,,,,,,
UPX0,0,0,446464,UPX1,7.92,290816,290816,.rsrc,6.87,52736,53248,,,,,,,,,,,,,,,,,,,,,,,,,,,,,,,,,,,,,,,,,,,,,,,,,,,,,,,,,,,,,,,,,,,,
sections#0#name,sections#0#entropy,sections#0#raw_size,sections#0#virtual_size,sections#1#name,sections#1#entropy,sections#1#raw_size,sections#1#virtual_size,sections#2#name,sections#2#entropy,sections#2#raw_size,sections#2#virtual_size,sections#3#name,sections#3#entropy,sections#3#raw_size,sections#3#virtual_size,,,,,,,,,,,,,,,,,,,,,,,,,,,,,,,,,,,,,,,,,,,,,,,,,,,,,,,,,,,,,,,,
.text,7.02,45056,43366,.rdata,5.32,4096,4070,.data,4.41,16384,28764,.rsrc,1.96,4096,1992,,,,,,,,,,,,,,,,,,,,,,,,,,,,,,,,,,,,,,,,,,,,,,,,,,,,,,,,,,,,,,,,
sections#0#name,sections#0#entropy,sections#0#raw_size,sections#0#virtual_size,sections#1#name,sections#1#entropy,sections#1#raw_size,sections#1#virtual_size,sections#2#name,sections#2#entropy,sections#2#raw_size,sections#2#virtual_size,sections#3#name,sections#3#entropy,sections#3#raw_size,sections#3#virtual_size,,,,,,,,,,,,,,,,,,,,,,,,,,,,,,,,,,,,,,,,,,,,,,,,,,,,,,,,,,,,,,,,
.text,7.01,45056,43366,.rdata,6.57,4096,4070,.data,4.41,16384,28764,.rsrc,1.96,4096,1992,,,,,,,,,,,,,,,,,,,,,,,,,,,,,,,,,,,,,,,,,,,,,,,,,,,,,,,,,,,,,,,,
sections#0#name,sections#0#entropy,sections#0#raw_size,sections#0#virtual_size,sections#1#name,sections#1#entropy,sections#1#raw_size,sections#1#virtual_size,sections#2#name,sections#2#entropy,sections#2#raw_size,sections#2#virtual_size,sections#3#name,sections#3#entropy,sections#3#raw_size,sections#3#virtual_size,,,,,,,,,,,,,,,,,,,,,,,,,,,,,,,,,,,,,,,,,,,,,,,,,,,,,,,,,,,,,,,,
.text,7.03,45056,43366,.rdata,5.32,4096,4070,.data,4.41,16384,28764,.rsrc,1.96,4096,1992,,,,,,,,,,,,,,,,,,,,,,,,,,,,,,,,,,,,,,,,,,,,,,,,,,,,,,,,,,,,,,,,
sections#0#name,sections#0#entropy,sections#0#raw_size,sections#0#virtual_size,sections#1#name,sections#1#entropy,sections#1#raw_size,sections#1#virtual_size,sections#2#name,sections#2#entropy,sections#2#raw_size,sections#2#virtual_size,sections#3#name,sections#3#entropy,sections#3#raw_size,sections#3#virtual_size,,,,,,,,,,,,,,,,,,,,,,,,,,,,,,,,,,,,,,,,,,,,,,,,,,,,,,,,,,,,,,,,
.text,7.02,45056,43366,.rdata,5.32,4096,4070,.data,4.41,16384,28764,.rsrc,1.96,4096,1992,,,,,,,,,,,,,,,,,,,,,,,,,,,,,,,,,,,,,,,,,,,,,,,,,,,,,,,,,,,,,,,,
sections#0#name,sections#0#entropy,sections#0#raw_size,sections#0#virtual_size,sections#1#name,sections#1#entropy,sections#1#raw_size,sections#1#virtual_size,sections#2#name,sections#2#entropy,sections#2#raw_size,sections#2#virtual_size,sections#3#name,sections#3#entropy,sections#3#raw_size,sections#3#virtual_size,,,,,,,,,,,,,,,,,,,,,,,,,,,,,,,,,,,,,,,,,,,,,,,,,,,,,,,,,,,,,,,,
.text,7.01,45056,43366,.rdata,5.32,4096,4070,.data,4.41,16384,28764,.rsrc,1.96,4096,1992,,,,,,,,,,,,,,,,,,,,,,,,,,,,,,,,,,,,,,,,,,,,,,,,,,,,,,,,,,,,,,,,
sections#0#name,sections#0#entropy,sections#0#raw_size,sections#0#virtual_size,sections#1#name,sections#1#entropy,sections#1#raw_size,sections#1#virtual_size,sections#2#name,sections#2#entropy,sections#2#raw_size,sections#2#virtual_size,sections#3#name,sections#3#entropy,sections#3#raw_size,sections#3#virtual_size,sections#4#name,sections#4#entropy,sections#4#raw_size,sections#4#virtual_size,sections#5#name,sections#5#entropy,sections#5#raw_size,sections#5#virtual_size,sections#6#name,sections#6#entropy,sections#6#raw_size,sections#6#virtual_size,sections#7#name,sections#7#entropy,sections#7#raw_size,sections#7#virtual_size,sections#8#name,sections#8#entropy,sections#8#raw_size,sections#8#virtual_size,sections#9#name,sections#9#entropy,sections#9#raw_size,sections#9#virtual_size,sections#10#name,sections#10#entropy,sections#10#raw_size,sections#10#virtual_size,sections#11#name,sections#11#entropy,sections#11#raw_size,sections#11#virtual_size,sections#12#name,sections#12#entropy,sections#12#raw_size,sections#12#virtual_size,sections#13#name,sections#13#entropy,sections#13#raw_size,sections#13#virtual_size,,,,,,,,,,,,,,,,,,,,,,,,
.00cfg,0.06,512,4,.rdata,6.01,149504,149280,.bss,0,0,15012,.data,2.73,3072,2960,.gfids,1.97,512,180,.rsrc,3.93,12288,11952,.text,6.59,556032,555942,.xdata,2.02,2048,1548,.idata,5.63,8704,8400,.reloc,6.73,28160,28084,.text,5.54,4608,4173,.idata,5.54,7168,7106,.rsrc,3.93,12288,11915,.reloc,6.73,28160,28076,,,,,,,,,,,,,,,,,,,,,,,,
sections#0#name,sections#0#entropy,sections#0#raw_size,sections#0#virtual_size,sections#1#name,sections#1#entropy,sections#1#raw_size,sections#1#virtual_size,sections#2#name,sections#2#entropy,sections#2#raw_size,sections#2#virtual_size,sections#3#name,sections#3#entropy,sections#3#raw_size,sections#3#virtual_size,,,,,,,,,,,,,,,,,,,,,,,,,,,,,,,,,,,,,,,,,,,,,,,,,,,,,,,,,,,,,,,,
.text,7.03,45056,43366,.rdata,5.32,4096,4070,.data,4.41,16384,28764,.rsrc,1.96,4096,1992,,,,,,,,,,,,,,,,,,,,,,,,,,,,,,,,,,,,,,,,,,,,,,,,,,,,,,,,,,,,,,,,
sections#0#name,sections#0#entropy,sections#0#raw_size,sections#0#virtual_size,sections#1#name,sections#1#entropy,sections#1#raw_size,sections#1#virtual_size,sections#2#name,sections#2#entropy,sections#2#raw_size,sections#2#virtual_size,sections#3#name,sections#3#entropy,sections#3#raw_size,sections#3#virtual_size,,,,,,,,,,,,,,,,,,,,,,,,,,,,,,,,,,,,,,,,,,,,,,,,,,,,,,,,,,,,,,,,
.text,6.65,376832,373777,.rdata,6.12,118784,117500,.data,2.47,8192,22852,.rsrc,3.9,16384,15336,,,,,,,,,,,,,,,,,,,,,,,,,,,,,,,,,,,,,,,,,,,,,,,,,,,,,,,,,,,,,,,,
sections#0#name,sections#0#entropy,sections#0#raw_size,sections#0#virtual_size,sections#1#name,sections#1#entropy,sections#1#raw_size,sections#1#virtual_size,sections#2#name,sections#2#entropy,sections#2#raw_size,sections#2#virtual_size,sections#3#name,sections#3#entropy,sections#3#raw_size,sections#3#virtual_size,,,,,,,,,,,,,,,,,,,,,,,,,,,,,,,,,,,,,,,,,,,,,,,,,,,,,,,,,,,,,,,,
.text,7,45056,43366,.rdata,5.32,4096,4070,.data,4.41,16384,28764,.rsrc,1.96,4096,1992,,,,,,,,,,,,,,,,,,,,,,,,,,,,,,,,,,,,,,,,,,,,,,,,,,,,,,,,,,,,,,,,
sections#0#name,sections#0#entropy,sections#0#raw_size,sections#0#virtual_size,sections#1#name,sections#1#entropy,sections#1#raw_size,sections#1#virtual_size,sections#2#name,sections#2#entropy,sections#2#raw_size,sections#2#virtual_size,sections#3#name,sections#3#entropy,sections#3#raw_size,sections#3#virtual_size,,,,,,,,,,,,,,,,,,,,,,,,,,,,,,,,,,,,,,,,,,,,,,,,,,,,,,,,,,,,,,,,
.text,7.02,45056,43366,.rdata,5.32,4096,4070,.data,4.41,16384,28764,.rsrc,1.96,4096,1992,,,,,,,,,,,,,,,,,,,,,,,,,,,,,,,,,,,,,,,,,,,,,,,,,,,,,,,,,,,,,,,,
sections#0#name,sections#0#entropy,sections#0#raw_size,sections#0#virtual_size,sections#1#name,sections#1#entropy,sections#1#raw_size,sections#1#virtual_size,sections#2#name,sections#2#entropy,sections#2#raw_size,sections#2#virtual_size,sections#3#name,sections#3#entropy,sections#3#raw_size,sections#3#virtual_size,,,,,,,,,,,,,,,,,,,,,,,,,,,,,,,,,,,,,,,,,,,,,,,,,,,,,,,,,,,,,,,,
.text,6.39,145408,145283,.rdata,5.13,34304,34220,.data,2.83,18432,204200,.rsrc,4.42,62464,62224,,,,,,,,,,,,,,,,,,,,,,,,,,,,,,,,,,,,,,,,,,,,,,,,,,,,,,,,,,,,,,,,
sections#0#name,sections#0#entropy,sections#0#raw_size,sections#0#virtual_size,sections#1#name,sections#1#entropy,sections#1#raw_size,sections#1#virtual_size,sections#2#name,sections#2#entropy,sections#2#raw_size,sections#2#virtual_size,sections#3#name,sections#3#entropy,sections#3#raw_size,sections#3#virtual_size,sections#4#name,sections#4#entropy,sections#4#raw_size,sections#4#virtual_size,,,,,,,,,,,,,,,,,,,,,,,,,,,,,,,,,,,,,,,,,,,,,,,,,,,,,,,,,,,,
.text,6.43,53248,51013,.rdata,3.93,16384,13216,.data,2.4,4096,14624,.SharedD,0.01,4096,4,.rsrc,4.26,16384,13216,,,,,,,,,,,,,,,,,,,,,,,,,,,,,,,,,,,,,,,,,,,,,,,,,,,,,,,,,,,,
sections#0#name,sections#0#entropy,sections#0#raw_size,sections#0#virtual_size,sections#1#name,sections#1#entropy,sections#1#raw_size,sections#1#virtual_size,sections#2#name,sections#2#entropy,sections#2#raw_size,sections#2#virtual_size,sections#3#name,sections#3#entropy,sections#3#raw_size,sections#3#virtual_size,,,,,,,,,,,,,,,,,,,,,,,,,,,,,,,,,,,,,,,,,,,,,,,,,,,,,,,,,,,,,,,,
.text,6.39,145408,145283,.rdata,5.13,34304,34220,.data,2.83,18432,204200,.rsrc,4.42,62464,62224,,,,,,,,,,,,,,,,,,,,,,,,,,,,,,,,,,,,,,,,,,,,,,,,,,,,,,,,,,,,,,,,
sections#0#name,sections#0#entropy,sections#0#raw_size,sections#0#virtual_size,sections#1#name,sections#1#entropy,sections#1#raw_size,sections#1#virtual_size,sections#2#name,sections#2#entropy,sections#2#raw_size,sections#2#virtual_size,sections#3#name,sections#3#entropy,sections#3#raw_size,sections#3#virtual_size,,,,,,,,,,,,,,,,,,,,,,,,,,,,,,,,,,,,,,,,,,,,,,,,,,,,,,,,,,,,,,,,
.text,7.02,45056,43366,.rdata,5.32,4096,4070,.data,4.41,16384,28764,.rsrc,1.96,4096,1992,,,,,,,,,,,,,,,,,,,,,,,,,,,,,,,,,,,,,,,,,,,,,,,,,,,,,,,,,,,,,,,,
sections#0#name,sections#0#entropy,sections#0#raw_size,sections#0#virtual_size,sections#1#name,sections#1#entropy,sections#1#raw_size,sections#1#virtual_size,sections#2#name,sections#2#entropy,sections#2#raw_size,sections#2#virtual_size,sections#3#name,sections#3#entropy,sections#3#raw_size,sections#3#virtual_size,,,,,,,,,,,,,,,,,,,,,,,,,,,,,,,,,,,,,,,,,,,,,,,,,,,,,,,,,,,,,,,,
.text,7.01,45056,43366,.rdata,5.32,4096,4070,.data,4.41,16384,28764,.rsrc,1.96,4096,1992,,,,,,,,,,,,,,,,,,,,,,,,,,,,,,,,,,,,,,,,,,,,,,,,,,,,,,,,,,,,,,,,