"sections#0#entropy","sections#0#md5","sections#0#name","sections#0#raw_size","sections#0#virtual_address","sections#0#virtual_size","sections#1#entropy","sections#1#md5","sections#1#name","sections#1#raw_size","sections#1#virtual_address","sections#1#virtual_size","sections#2#entropy","sections#2#md5","sections#2#name","sections#2#raw_size","sections#2#virtual_address","sections#2#virtual_size","sections#3#entropy","sections#3#md5","sections#3#name","sections#3#raw_size","sections#3#virtual_address","sections#3#virtual_size","sections#4#entropy","sections#4#md5","sections#4#name","sections#4#raw_size","sections#4#virtual_address","sections#4#virtual_size","sections#5#entropy","sections#5#md5","sections#5#name","sections#5#raw_size","sections#5#virtual_address","sections#5#virtual_size","sections#6#entropy","sections#6#md5","sections#6#name","sections#6#raw_size","sections#6#virtual_address","sections#6#virtual_size","sections#7#entropy","sections#7#md5","sections#7#name","sections#7#raw_size","sections#7#virtual_address","sections#7#virtual_size","sections#8#entropy","sections#8#md5","sections#8#name","sections#8#raw_size","sections#8#virtual_address","sections#8#virtual_size","sections#9#entropy","sections#9#md5","sections#9#name","sections#9#raw_size","sections#9#virtual_address","sections#9#virtual_size"
"6.22","a80d84ea84f4703feeb9e9e4ed92f5b4",".text","468992","4096","468504","6.59","02052355bb3e532a703d603f38983755",".data","91648","475136","91196","5.28","706aec0cd0d35e9627c3f39be517f740",".rdata","28672","569344","28384","4.63","8e5877dc393b57b16c2d1b8cbfea59ee",".eh_fram","143872","598016","143804","0.0","d41d8cd98f00b204e9800998ecf8427e",".bss","0","745472","3040","0.96","a43f98f35434fad42f27c2b9c26a5d93",".edata","512","749568","80","4.65","910de2d2583f25cc2571190402bb2535",".idata","3072","753664","2588","0.11","ae200b1e02384a5250aee7bb56a60396",".CRT","512","757760","24","0.22","01f5598b0e368387542f31430a329582",".tls","512","761856","32","6.69","7b2e20e366e2829f39c2cae838124286",".reloc","19456","765952","19248"
"sections#0#entropy","sections#0#md5","sections#0#name","sections#0#raw_size","sections#0#virtual_address","sections#0#virtual_size","sections#1#entropy","sections#1#md5","sections#1#name","sections#1#raw_size","sections#1#virtual_address","sections#1#virtual_size","sections#2#entropy","sections#2#md5","sections#2#name","sections#2#raw_size","sections#2#virtual_address","sections#2#virtual_size","sections#3#entropy","sections#3#md5","sections#3#name","sections#3#raw_size","sections#3#virtual_address","sections#3#virtual_size","sections#4#entropy","sections#4#md5","sections#4#name","sections#4#raw_size","sections#4#virtual_address","sections#4#virtual_size"
"6.42","6159124f79f38523867857f5a54d7a27",".text","94208","4096","92366","4.63","ce1cd5bebeee1b9922f5b469c89d7782",".rdata","24576","98304","23526","6.08","7c53b3406d08f1ab2329734acd45cc9c",".data","90112","122880","104425","0.0","e0f6821e0906d569a9a3e873c22c4d70",".sxdata","4096","229376","4","3.2","9bbf67d0c4ebc824746cc1eb64b311af",".rsrc","16384","233472","12584"
"sections#0#entropy","sections#0#md5","sections#0#name","sections#0#raw_size","sections#0#virtual_address","sections#0#virtual_size","sections#1#entropy","sections#1#md5","sections#1#name","sections#1#raw_size","sections#1#virtual_address","sections#1#virtual_size","sections#2#entropy","sections#2#md5","sections#2#name","sections#2#raw_size","sections#2#virtual_address","sections#2#virtual_size","sections#3#entropy","sections#3#md5","sections#3#name","sections#3#raw_size","sections#3#virtual_address","sections#3#virtual_size","sections#4#entropy","sections#4#md5","sections#4#name","sections#4#raw_size","sections#4#virtual_address","sections#4#virtual_size"
"6.45","17a2d8f5bd0c4c98dc2b89c340d3d2ce",".text","86016","4096","82722","4.5","3f8dbcf2158f2a24a4efb27023378eb2",".rdata","24576","90112","22014","7.8","3be4427d5a4fd5d3b412b13c69c02f75",".data","69632","114688","83144","0.0","e0f6821e0906d569a9a3e873c22c4d70",".sxdata","4096","200704","4","3.2","ed61b9e73bfddbf019e2b01a12a43548",".rsrc","16384","204800","12584"
"sections#0#entropy","sections#0#md5","sections#0#name","sections#0#raw_size","sections#0#virtual_address","sections#0#virtual_size","sections#1#entropy","sections#1#md5","sections#1#name","sections#1#raw_size","sections#1#virtual_address","sections#1#virtual_size","sections#2#entropy","sections#2#md5","sections#2#name","sections#2#raw_size","sections#2#virtual_address","sections#2#virtual_size","sections#3#entropy","sections#3#md5","sections#3#name","sections#3#raw_size","sections#3#virtual_address","sections#3#virtual_size","sections#4#entropy","sections#4#md5","sections#4#name","sections#4#raw_size","sections#4#virtual_address","sections#4#virtual_size","sections#5#entropy","sections#5#md5","sections#5#name","sections#5#raw_size","sections#5#virtual_address","sections#5#virtual_size","sections#6#entropy","sections#6#md5","sections#6#name","sections#6#raw_size","sections#6#virtual_address","sections#6#virtual_size","sections#7#entropy","sections#7#md5","sections#7#name","sections#7#raw_size","sections#7#virtual_address","sections#7#virtual_size","sections#8#entropy","sections#8#md5","sections#8#name","sections#8#raw_size","sections#8#virtual_address","sections#8#virtual_size","sections#9#entropy","sections#9#md5","sections#9#name","sections#9#raw_size","sections#9#virtual_address","sections#9#virtual_size"
"6.21","b8d1fa4ce1446166d6ce99f182ee15b2",".text","468992","4096","468504","6.38","d971f9dfc087c5c3141006a29dd74eb2",".data","82432","475136","81980","5.27","5a0daf9c0daf887b8dc540322029555d",".rdata","28672","561152","28384","4.63","597a333e8855d0132e1f1fc6a9a97a00",".eh_fram","143872","589824","143804","0.0","d41d8cd98f00b204e9800998ecf8427e",".bss","0","737280","3040","0.95","fc1ebc9002dc25081ce42834f154cd7f",".edata","512","741376","80","4.54","83bff7d8b0f75a142121a0cd12e64887",".idata","3072","745472","2588","0.11","ae200b1e02384a5250aee7bb56a60396",".CRT","512","749568","24","0.22","0e15aab47b9d5610e4f568a649325c93",".tls","512","753664","32","6.69","3827bdadbb7955e915b5f447a38f9b1c",".reloc","19456","757760","19248"
"sections#0#entropy","sections#0#md5","sections#0#name","sections#0#raw_size","sections#0#virtual_address","sections#0#virtual_size","sections#1#entropy","sections#1#md5","sections#1#name","sections#1#raw_size","sections#1#virtual_address","sections#1#virtual_size","sections#2#entropy","sections#2#md5","sections#2#name","sections#2#raw_size","sections#2#virtual_address","sections#2#virtual_size","sections#3#entropy","sections#3#md5","sections#3#name","sections#3#raw_size","sections#3#virtual_address","sections#3#virtual_size","sections#4#entropy","sections#4#md5","sections#4#name","sections#4#raw_size","sections#4#virtual_address","sections#4#virtual_size","sections#5#entropy","sections#5#md5","sections#5#name","sections#5#raw_size","sections#5#virtual_address","sections#5#virtual_size","sections#6#entropy","sections#6#md5","sections#6#name","sections#6#raw_size","sections#6#virtual_address","sections#6#virtual_size","sections#7#entropy","sections#7#md5","sections#7#name","sections#7#raw_size","sections#7#virtual_address","sections#7#virtual_size","sections#8#entropy","sections#8#md5","sections#8#name","sections#8#raw_size","sections#8#virtual_address","sections#8#virtual_size","sections#9#entropy","sections#9#md5","sections#9#name","sections#9#raw_size","sections#9#virtual_address","sections#9#virtual_size"
"6.22","a80d84ea84f4703feeb9e9e4ed92f5b4",".text","468992","4096","468504","6.59","02052355bb3e532a703d603f38983755",".data","91648","475136","91196","5.28","706aec0cd0d35e9627c3f39be517f740",".rdata","28672","569344","28384","4.63","8e5877dc393b57b16c2d1b8cbfea59ee",".eh_fram","143872","598016","143804","0.0","d41d8cd98f00b204e9800998ecf8427e",".bss","0","745472","3040","0.96","a43f98f35434fad42f27c2b9c26a5d93",".edata","512","749568","80","4.65","910de2d2583f25cc2571190402bb2535",".idata","3072","753664","2588","0.11","ae200b1e02384a5250aee7bb56a60396",".CRT","512","757760","24","0.22","01f5598b0e368387542f31430a329582",".tls","512","761856","32","6.69","7b2e20e366e2829f39c2cae838124286",".reloc","19456","765952","19248"
"sections#0#entropy","sections#0#md5","sections#0#name","sections#0#raw_size","sections#0#virtual_address","sections#0#virtual_size","sections#1#entropy","sections#1#md5","sections#1#name","sections#1#raw_size","sections#1#virtual_address","sections#1#virtual_size","sections#2#entropy","sections#2#md5","sections#2#name","sections#2#raw_size","sections#2#virtual_address","sections#2#virtual_size","sections#3#entropy","sections#3#md5","sections#3#name","sections#3#raw_size","sections#3#virtual_address","sections#3#virtual_size","sections#4#entropy","sections#4#md5","sections#4#name","sections#4#raw_size","sections#4#virtual_address","sections#4#virtual_size","sections#5#entropy","sections#5#md5","sections#5#name","sections#5#raw_size","sections#5#virtual_address","sections#5#virtual_size","sections#6#entropy","sections#6#md5","sections#6#name","sections#6#raw_size","sections#6#virtual_address","sections#6#virtual_size","sections#7#entropy","sections#7#md5","sections#7#name","sections#7#raw_size","sections#7#virtual_address","sections#7#virtual_size","sections#8#entropy","sections#8#md5","sections#8#name","sections#8#raw_size","sections#8#virtual_address","sections#8#virtual_size","sections#9#entropy","sections#9#md5","sections#9#name","sections#9#raw_size","sections#9#virtual_address","sections#9#virtual_size"
"6.16","4354da79beebe7b7781d7d3d1ce14aa8",".text","78848","4096","78788","0.04","d414a89d67296914e345db70eac21263",".data","19456","86016","19076","6.19","75058010bcdad8aeda1d88c67e743972",".rdata","84992","106496","84640","0.0","d41d8cd98f00b204e9800998ecf8427e",".bss","0","192512","4140","1.03","4fa6458736e8326429d49171315d8946",".edata","512","200704","84","4.78","0b37762875153fa4e2b9d2b283a4a9d0",".idata","3584","204800","3108","0.26","58a49f3520fc882e5f8b6c8c5c546203",".CRT","512","208896","52","0.23","c4ac9dc11963cde34332e1de44623728",".tls","512","212992","32","1.53","699380d5444ca5e19c1c851674152d44",".rsrc","512","217088","220","6.26","a2c100973f1b6c53aa2a0f809e5b729d",".reloc","4608","221184","4164"
"sections#0#entropy","sections#0#md5","sections#0#name","sections#0#raw_size","sections#0#virtual_address","sections#0#virtual_size","sections#1#entropy","sections#1#md5","sections#1#name","sections#1#raw_size","sections#1#virtual_address","sections#1#virtual_size","sections#2#entropy","sections#2#md5","sections#2#name","sections#2#raw_size","sections#2#virtual_address","sections#2#virtual_size","sections#3#entropy","sections#3#md5","sections#3#name","sections#3#raw_size","sections#3#virtual_address","sections#3#virtual_size","sections#4#entropy","sections#4#md5","sections#4#name","sections#4#raw_size","sections#4#virtual_address","sections#4#virtual_size"
"6.45","17a2d8f5bd0c4c98dc2b89c340d3d2ce",".text","86016","4096","82722","4.5","3f8dbcf2158f2a24a4efb27023378eb2",".rdata","24576","90112","22014","7.8","3be4427d5a4fd5d3b412b13c69c02f75",".data","69632","114688","83144","0.0","e0f6821e0906d569a9a3e873c22c4d70",".sxdata","4096","200704","4","3.2","ed61b9e73bfddbf019e2b01a12a43548",".rsrc","16384","204800","12584"
"sections#0#entropy","sections#0#md5","sections#0#name","sections#0#raw_size","sections#0#virtual_address","sections#0#virtual_size","sections#1#entropy","sections#1#md5","sections#1#name","sections#1#raw_size","sections#1#virtual_address","sections#1#virtual_size","sections#2#entropy","sections#2#md5","sections#2#name","sections#2#raw_size","sections#2#virtual_address","sections#2#virtual_size","sections#3#entropy","sections#3#md5","sections#3#name","sections#3#raw_size","sections#3#virtual_address","sections#3#virtual_size","sections#4#entropy","sections#4#md5","sections#4#name","sections#4#raw_size","sections#4#virtual_address","sections#4#virtual_size","sections#5#entropy","sections#5#md5","sections#5#name","sections#5#raw_size","sections#5#virtual_address","sections#5#virtual_size","sections#6#entropy","sections#6#md5","sections#6#name","sections#6#raw_size","sections#6#virtual_address","sections#6#virtual_size","sections#7#entropy","sections#7#md5","sections#7#name","sections#7#raw_size","sections#7#virtual_address","sections#7#virtual_size","sections#8#entropy","sections#8#md5","sections#8#name","sections#8#raw_size","sections#8#virtual_address","sections#8#virtual_size","sections#9#entropy","sections#9#md5","sections#9#name","sections#9#raw_size","sections#9#virtual_address","sections#9#virtual_size"
"6.21","0696203deae201a80fea5fddd3607b4d",".text","468992","4096","468504","6.36","cea09dc8c2066ea6a8d538b308025288",".data","81408","475136","80956","5.28","68b2b52f5bfb90e71a3e8a21f192b577",".rdata","28672","557056","28384","4.63","bce30500ac546c6783b40025e668aeec",".eh_fram","143872","585728","143804","0.0","d41d8cd98f00b204e9800998ecf8427e",".bss","0","733184","3040","0.96","8ceed97bcb65835f1d7c8b1f38abbc24",".edata","512","737280","80","4.61","94260a58c8c5e4ea6b6bddd49914eebf",".idata","3072","741376","2588","0.11","ae200b1e02384a5250aee7bb56a60396",".CRT","512","745472","24","0.22","8e99476bd178c6ec10689a21e9ff09a8",".tls","512","749568","32","6.69","9d8b932cd9ad2dcf07d1341927ed0f46",".reloc","19456","753664","19248"
"sections#0#entropy","sections#0#md5","sections#0#name","sections#0#raw_size","sections#0#virtual_address","sections#0#virtual_size","sections#1#entropy","sections#1#md5","sections#1#name","sections#1#raw_size","sections#1#virtual_address","sections#1#virtual_size","sections#2#entropy","sections#2#md5","sections#2#name","sections#2#raw_size","sections#2#virtual_address","sections#2#virtual_size"
"5.34","4e350111fd7879916c6e7890823ef8c0",".text","196608","4096","195088","0.0","620f0b67a91f7f74151bc5be745b7110",".data","4096","200704","18100","7.17","9e661e9aabe6d705ab5707dc6b0d66da",".rsrc","290816","221184","289176"
"sections#0#entropy","sections#0#md5","sections#0#name","sections#0#raw_size","sections#0#virtual_address","sections#0#virtual_size","sections#1#entropy","sections#1#md5","sections#1#name","sections#1#raw_size","sections#1#virtual_address","sections#1#virtual_size","sections#2#entropy","sections#2#md5","sections#2#name","sections#2#raw_size","sections#2#virtual_address","sections#2#virtual_size","sections#3#entropy","sections#3#md5","sections#3#name","sections#3#raw_size","sections#3#virtual_address","sections#3#virtual_size","sections#4#entropy","sections#4#md5","sections#4#name","sections#4#raw_size","sections#4#virtual_address","sections#4#virtual_size","sections#5#entropy","sections#5#md5","sections#5#name","sections#5#raw_size","sections#5#virtual_address","sections#5#virtual_size","sections#6#entropy","sections#6#md5","sections#6#name","sections#6#raw_size","sections#6#virtual_address","sections#6#virtual_size","sections#7#entropy","sections#7#md5","sections#7#name","sections#7#raw_size","sections#7#virtual_address","sections#7#virtual_size","sections#8#entropy","sections#8#md5","sections#8#name","sections#8#raw_size","sections#8#virtual_address","sections#8#virtual_size","sections#9#entropy","sections#9#md5","sections#9#name","sections#9#raw_size","sections#9#virtual_address","sections#9#virtual_size"
"6.22","a80d84ea84f4703feeb9e9e4ed92f5b4",".text","468992","4096","468504","6.59","02052355bb3e532a703d603f38983755",".data","91648","475136","91196","5.28","706aec0cd0d35e9627c3f39be517f740",".rdata","28672","569344","28384","4.63","8e5877dc393b57b16c2d1b8cbfea59ee",".eh_fram","143872","598016","143804","0.0","d41d8cd98f00b204e9800998ecf8427e",".bss","0","745472","3040","0.96","a43f98f35434fad42f27c2b9c26a5d93",".edata","512","749568","80","4.65","910de2d2583f25cc2571190402bb2535",".idata","3072","753664","2588","0.11","ae200b1e02384a5250aee7bb56a60396",".CRT","512","757760","24","0.22","01f5598b0e368387542f31430a329582",".tls","512","761856","32","6.69","7b2e20e366e2829f39c2cae838124286",".reloc","19456","765952","19248"
"sections#0#entropy","sections#0#md5","sections#0#name","sections#0#raw_size","sections#0#virtual_address","sections#0#virtual_size","sections#1#entropy","sections#1#md5","sections#1#name","sections#1#raw_size","sections#1#virtual_address","sections#1#virtual_size","sections#2#entropy","sections#2#md5","sections#2#name","sections#2#raw_size","sections#2#virtual_address","sections#2#virtual_size"
"5.34","ddf69b4ca454b978f9cd2f69e6daa330",".text","196608","4096","195088","0.0","620f0b67a91f7f74151bc5be745b7110",".data","4096","200704","18100","7.17","9e661e9aabe6d705ab5707dc6b0d66da",".rsrc","290816","221184","289176"
"sections#0#entropy","sections#0#md5","sections#0#name","sections#0#raw_size","sections#0#virtual_address","sections#0#virtual_size","sections#1#entropy","sections#1#md5","sections#1#name","sections#1#raw_size","sections#1#virtual_address","sections#1#virtual_size","sections#2#entropy","sections#2#md5","sections#2#name","sections#2#raw_size","sections#2#virtual_address","sections#2#virtual_size","sections#3#entropy","sections#3#md5","sections#3#name","sections#3#raw_size","sections#3#virtual_address","sections#3#virtual_size","sections#4#entropy","sections#4#md5","sections#4#name","sections#4#raw_size","sections#4#virtual_address","sections#4#virtual_size","sections#5#entropy","sections#5#md5","sections#5#name","sections#5#raw_size","sections#5#virtual_address","sections#5#virtual_size"
"4.75","b4ed1fc70ca0906c92f8964b4b6ce4f7",".text","57344","4096","54493","3.01","38948ffddd9e0f705763cb78350c04e6",".rdata","8192","61440","7408","5.58","bff9075c3f9272219e95b5e83cadbf9a",".data","114688","69632","113884","4.34","214a708adb7dfa58dbe6aa6d64a7a948",".idata","8192","184320","7283","3.49","8494b3df7d4549ee5a2f1fedaf89117d",".rsrc","16384","192512","13852","3.69","3ddf9649d12773281f9826007fc135d7",".reloc","8192","208896","4610"
"sections#0#entropy","sections#0#md5","sections#0#name","sections#0#raw_size","sections#0#virtual_address","sections#0#virtual_size","sections#1#entropy","sections#1#md5","sections#1#name","sections#1#raw_size","sections#1#virtual_address","sections#1#virtual_size","sections#2#entropy","sections#2#md5","sections#2#name","sections#2#raw_size","sections#2#virtual_address","sections#2#virtual_size","sections#3#entropy","sections#3#md5","sections#3#name","sections#3#raw_size","sections#3#virtual_address","sections#3#virtual_size","sections#4#entropy","sections#4#md5","sections#4#name","sections#4#raw_size","sections#4#virtual_address","sections#4#virtual_size"
"6.45","640f3a6ca19c3d877bdd21ee6907179d",".text","86016","4096","82722","4.5","af4c742320b3e92419a447843a13e7e6",".rdata","24576","90112","22014","7.87","c167ed0b59ac0f57df225cedec2d6d90",".data","73728","114688","88264","0.0","e0f6821e0906d569a9a3e873c22c4d70",".sxdata","4096","204800","4","3.2","c8fa7fe15202764700f9a505931362b7",".rsrc","16384","208896","12584"
"sections#0#entropy","sections#0#md5","sections#0#name","sections#0#raw_size","sections#0#virtual_address","sections#0#virtual_size","sections#1#entropy","sections#1#md5","sections#1#name","sections#1#raw_size","sections#1#virtual_address","sections#1#virtual_size","sections#2#entropy","sections#2#md5","sections#2#name","sections#2#raw_size","sections#2#virtual_address","sections#2#virtual_size","sections#3#entropy","sections#3#md5","sections#3#name","sections#3#raw_size","sections#3#virtual_address","sections#3#virtual_size","sections#4#entropy","sections#4#md5","sections#4#name","sections#4#raw_size","sections#4#virtual_address","sections#4#virtual_size","sections#5#entropy","sections#5#md5","sections#5#name","sections#5#raw_size","sections#5#virtual_address","sections#5#virtual_size"
"4.46","40c9b4116ef4e7bafdc3098a0a14839f",".text","40960","4096","38564","2.84","a50c09e2c2da49af8716345fa05c4b50",".rdata","8192","45056","6672","5.5","24223e541eb33d0b4760987ac6b4812b",".data","114688","53248","111588","3.15","8630c297df939f2997553392836a0bee",".idata","8192","167936","5142","3.14","a810b60178c14370338fdd825ee28cb8",".rsrc","12288","176128","9506","5.27","d8d20fc45dcd6ca36980ec960e315915",".reloc","4096","188416","3804"
"sections#0#entropy","sections#0#md5","sections#0#name","sections#0#raw_size","sections#0#virtual_address","sections#0#virtual_size","sections#1#entropy","sections#1#md5","sections#1#name","sections#1#raw_size","sections#1#virtual_address","sections#1#virtual_size","sections#2#entropy","sections#2#md5","sections#2#name","sections#2#raw_size","sections#2#virtual_address","sections#2#virtual_size","sections#3#entropy","sections#3#md5","sections#3#name","sections#3#raw_size","sections#3#virtual_address","sections#3#virtual_size","sections#4#entropy","sections#4#md5","sections#4#name","sections#4#raw_size","sections#4#virtual_address","sections#4#virtual_size","sections#5#entropy","sections#5#md5","sections#5#name","sections#5#raw_size","sections#5#virtual_address","sections#5#virtual_size","sections#6#entropy","sections#6#md5","sections#6#name","sections#6#raw_size","sections#6#virtual_address","sections#6#virtual_size","sections#7#entropy","sections#7#md5","sections#7#name","sections#7#raw_size","sections#7#virtual_address","sections#7#virtual_size","sections#8#entropy","sections#8#md5","sections#8#name","sections#8#raw_size","sections#8#virtual_address","sections#8#virtual_size","sections#9#entropy","sections#9#md5","sections#9#name","sections#9#raw_size","sections#9#virtual_address","sections#9#virtual_size","sections#10#entropy","sections#10#md5","sections#10#name","sections#10#raw_size","sections#10#virtual_address","sections#10#virtual_size","sections#11#entropy","sections#11#md5","sections#11#name","sections#11#raw_size","sections#11#virtual_address","sections#11#virtual_size","sections#12#entropy","sections#12#md5","sections#12#name","sections#12#raw_size","sections#12#virtual_address","sections#12#virtual_size","sections#13#entropy","sections#13#md5","sections#13#name","sections#13#raw_size","sections#13#virtual_address","sections#13#virtual_size","sections#14#entropy","sections#14#md5","sections#14#name","sections#14#raw_size","sections#14#virtual_address","sections#14#virtual_size","sections#15#entropy","sections#15#md5","sections#15#name","sections#15#raw_size","sections#15#virtual_address","sections#15#virtual_size","sections#16#entropy","sections#16#md5","sections#16#name","sections#16#raw_size","sections#16#virtual_address","sections#16#virtual_size","sections#17#entropy","sections#17#md5","sections#17#name","sections#17#raw_size","sections#17#virtual_address","sections#17#virtual_size","sections#18#entropy","sections#18#md5","sections#18#name","sections#18#raw_size","sections#18#virtual_address","sections#18#virtual_size","sections#19#entropy","sections#19#md5","sections#19#name","sections#19#raw_size","sections#19#virtual_address","sections#19#virtual_size"
"5.9","d7cc18df1a0dfb2e0042475d23320e7b",".text","10240","4096","9792","8.0","90342676b0041bbd7aa8a674688f5bc5",".data","66048","16384","65936","3.25","4aebb7172e191097444df4ef721879d7",".rdata","1024","86016","528","0.0","d41d8cd98f00b204e9800998ecf8427e",".bss","0","90112","728","1.01","8ac3040b1124a136d9a1c349ebb3b381",".edata","512","94208","84","4.61","8877d19554ce42892e5b421886142b51",".idata","2048","98304","1752","0.11","e05116e0ff42a72e8f72732114160986",".CRT","512","102400","24","0.22","e1ea7885b2a9a2d86e31e2d3bb74fa2a",".tls","512","106496","32","1.52","74868ee0c5bc152530656dd164604013",".rsrc","512","110592","220","5.88","a7145264621f38457840e463107eab2d",".reloc","512","114688","496","1.22","73c8751b702de2252496746d306d338a","/4","512","118784","256","4.41","0d736ead7e0b92a785016bc5cd230a1d","/19","1024","122880","931","4.47","06bb7c15923fafc9e373cddd0331c2c8","/35","1536","126976","1266","5.92","23e51576e90143598661647208bb87d0","/51","14336","131072","14134","4.09","606834812e1998f1f1dafdf486d66ba1","/63","3072","147456","2657","4.79","b7840430f22b25caec646d6d8534da62","/77","2560","151552","2104","3.6","37b017e6dae102d6fd39eba24f141fd1","/89","1536","155648","1044","3.27","b90aa1c9e8c9d17c3525daca94b36f9a","/102","512","159744","271","3.12","8367eadf7281440355928b593f609168","/113","3072","163840","3015","0.37","2b228197f02cb510723b1b89f65e4de0","/124","512","167936","72"
"sections#0#entropy","sections#0#md5","sections#0#name","sections#0#raw_size","sections#0#virtual_address","sections#0#virtual_size","sections#1#entropy","sections#1#md5","sections#1#name","sections#1#raw_size","sections#1#virtual_address","sections#1#virtual_size","sections#2#entropy","sections#2#md5","sections#2#name","sections#2#raw_size","sections#2#virtual_address","sections#2#virtual_size","sections#3#entropy","sections#3#md5","sections#3#name","sections#3#raw_size","sections#3#virtual_address","sections#3#virtual_size"
"6.65","5eb86e5aa24789814c57f8a62f5d64c0",".text","217088","4096","216960","6.1","ecb27adfaf4669313cfa58df87a6bf8c",".rdata","151552","221184","149066","3.91","695e3f61e1b4c234d68797407b1d28e8",".data","12288","372736","25948","4.02","1c6707a4f6cde83d04367ccaa85e4ee7",".rsrc","20480","401408","17920"
"sections#0#entropy","sections#0#md5","sections#0#name","sections#0#raw_size","sections#0#virtual_address","sections#0#virtual_size","sections#1#entropy","sections#1#md5","sections#1#name","sections#1#raw_size","sections#1#virtual_address","sections#1#virtual_size","sections#2#entropy","sections#2#md5","sections#2#name","sections#2#raw_size","sections#2#virtual_address","sections#2#virtual_size","sections#3#entropy","sections#3#md5","sections#3#name","sections#3#raw_size","sections#3#virtual_address","sections#3#virtual_size","sections#4#entropy","sections#4#md5","sections#4#name","sections#4#raw_size","sections#4#virtual_address","sections#4#virtual_size","sections#5#entropy","sections#5#md5","sections#5#name","sections#5#raw_size","sections#5#virtual_address","sections#5#virtual_size"
"4.75","b4ed1fc70ca0906c92f8964b4b6ce4f7",".text","57344","4096","54493","3.01","99455ec6c4dc1d12ad982de8316431e0",".rdata","8192","61440","7408","5.58","10dc862e603c566b28f9b2e246afaf07",".data","114688","69632","113884","4.34","214a708adb7dfa58dbe6aa6d64a7a948",".idata","8192","184320","7283","3.49","8494b3df7d4549ee5a2f1fedaf89117d",".rsrc","16384","192512","13852","3.69","3ddf9649d12773281f9826007fc135d7",".reloc","8192","208896","4610"
"sections#0#entropy","sections#0#md5","sections#0#name","sections#0#raw_size","sections#0#virtual_address","sections#0#virtual_size","sections#1#entropy","sections#1#md5","sections#1#name","sections#1#raw_size","sections#1#virtual_address","sections#1#virtual_size","sections#2#entropy","sections#2#md5","sections#2#name","sections#2#raw_size","sections#2#virtual_address","sections#2#virtual_size","sections#3#entropy","sections#3#md5","sections#3#name","sections#3#raw_size","sections#3#virtual_address","sections#3#virtual_size"
"6.62","bf9a6786c1d55786291d701e4eb490ae",".text","249856","4096","248278","6.14","f10cea90ef9b7914536942123a2dd019",".rdata","155648","253952","155126","4.18","b1ee95d28de05e4cd2f2842c946a12a1",".data","12288","409600","27100","3.68","8e9a07cc35ce50a6439deb362c2aac32",".rsrc","28672","438272","26348"
"sections#0#entropy","sections#0#md5","sections#0#name","sections#0#raw_size","sections#0#virtual_address","sections#0#virtual_size","sections#1#entropy","sections#1#md5","sections#1#name","sections#1#raw_size","sections#1#virtual_address","sections#1#virtual_size","sections#2#entropy","sections#2#md5","sections#2#name","sections#2#raw_size","sections#2#virtual_address","sections#2#virtual_size","sections#3#entropy","sections#3#md5","sections#3#name","sections#3#raw_size","sections#3#virtual_address","sections#3#virtual_size","sections#4#entropy","sections#4#md5","sections#4#name","sections#4#raw_size","sections#4#virtual_address","sections#4#virtual_size","sections#5#entropy","sections#5#md5","sections#5#name","sections#5#raw_size","sections#5#virtual_address","sections#5#virtual_size","sections#6#entropy","sections#6#md5","sections#6#name","sections#6#raw_size","sections#6#virtual_address","sections#6#virtual_size","sections#7#entropy","sections#7#md5","sections#7#name","sections#7#raw_size","sections#7#virtual_address","sections#7#virtual_size","sections#8#entropy","sections#8#md5","sections#8#name","sections#8#raw_size","sections#8#virtual_address","sections#8#virtual_size","sections#9#entropy","sections#9#md5","sections#9#name","sections#9#raw_size","sections#9#virtual_address","sections#9#virtual_size","sections#10#entropy","sections#10#md5","sections#10#name","sections#10#raw_size","sections#10#virtual_address","sections#10#virtual_size","sections#11#entropy","sections#11#md5","sections#11#name","sections#11#raw_size","sections#11#virtual_address","sections#11#virtual_size","sections#12#entropy","sections#12#md5","sections#12#name","sections#12#raw_size","sections#12#virtual_address","sections#12#virtual_size","sections#13#entropy","sections#13#md5","sections#13#name","sections#13#raw_size","sections#13#virtual_address","sections#13#virtual_size","sections#14#entropy","sections#14#md5","sections#14#name","sections#14#raw_size","sections#14#virtual_address","sections#14#virtual_size","sections#15#entropy","sections#15#md5","sections#15#name","sections#15#raw_size","sections#15#virtual_address","sections#15#virtual_size","sections#16#entropy","sections#16#md5","sections#16#name","sections#16#raw_size","sections#16#virtual_address","sections#16#virtual_size","sections#17#entropy","sections#17#md5","sections#17#name","sections#17#raw_size","sections#17#virtual_address","sections#17#virtual_size"
"5.86","3921c822842b765bf12461654d319ed3",".text","9728","4096","9280","0.25","0a3db51d2773a7b5c073f28a38bf3855",".data","512","16384","24","6.03","32420874cd8133374ffeaf64613e233c",".rdata","76288","20480","76080","0.0","d41d8cd98f00b204e9800998ecf8427e",".bss","0","98304","728","4.6","c4209306aea8769feb00de274d65163d",".idata","2048","102400","1752","0.11","8571142ffc807d0d20a65a1351f9cce5",".CRT","512","106496","24","0.22","8485ba2072844837a09de114a37bf654",".tls","512","110592","32","1.53","f6da3206f13f678bb92ff2ce64e7e1b5",".rsrc","512","114688","220","1.22","5757d99d18e179c467d0589463750ecc","/4","512","118784","256","4.41","0d736ead7e0b92a785016bc5cd230a1d","/19","1024","122880","931","4.47","06bb7c15923fafc9e373cddd0331c2c8","/35","1536","126976","1266","5.92","8e48031c868216418fb1760e739881d8","/51","14336","131072","14134","4.09","606834812e1998f1f1dafdf486d66ba1","/63","3072","147456","2657","4.79","6b1301e8868628e6f8393291cdcb9bc7","/77","2560","151552","2104","3.6","92c23204deb366bf58c1ebac54194ff6","/89","1536","155648","1044","3.27","b90aa1c9e8c9d17c3525daca94b36f9a","/102","512","159744","271","3.12","fa234aa26432c9ac8a2cef9d27fda461","/113","3072","163840","3015","0.37","2b228197f02cb510723b1b89f65e4de0","/124","512","167936","72"
"sections#0#entropy","sections#0#md5","sections#0#name","sections#0#raw_size","sections#0#virtual_address","sections#0#virtual_size","sections#1#entropy","sections#1#md5","sections#1#name","sections#1#raw_size","sections#1#virtual_address","sections#1#virtual_size","sections#2#entropy","sections#2#md5","sections#2#name","sections#2#raw_size","sections#2#virtual_address","sections#2#virtual_size","sections#3#entropy","sections#3#md5","sections#3#name","sections#3#raw_size","sections#3#virtual_address","sections#3#virtual_size","sections#4#entropy","sections#4#md5","sections#4#name","sections#4#raw_size","sections#4#virtual_address","sections#4#virtual_size"
"6.45","17a2d8f5bd0c4c98dc2b89c340d3d2ce",".text","86016","4096","82722","4.5","3f8dbcf2158f2a24a4efb27023378eb2",".rdata","24576","90112","22014","7.8","3be4427d5a4fd5d3b412b13c69c02f75",".data","69632","114688","83144","0.0","e0f6821e0906d569a9a3e873c22c4d70",".sxdata","4096","200704","4","3.2","ed61b9e73bfddbf019e2b01a12a43548",".rsrc","16384","204800","12584"
"sections#0#entropy","sections#0#md5","sections#0#name","sections#0#raw_size","sections#0#virtual_address","sections#0#virtual_size","sections#1#entropy","sections#1#md5","sections#1#name","sections#1#raw_size","sections#1#virtual_address","sections#1#virtual_size","sections#2#entropy","sections#2#md5","sections#2#name","sections#2#raw_size","sections#2#virtual_address","sections#2#virtual_size","sections#3#entropy","sections#3#md5","sections#3#name","sections#3#raw_size","sections#3#virtual_address","sections#3#virtual_size"
"6.61","2e5505c2a28f73f0ca45691cdef37644",".text","249856","4096","247254","6.14","b36dd9a9d64a876d1fcf9ae0805e9f66",".rdata","155648","253952","155126","4.18","7042d3e8ebe2d1280ddf7ac6852b4faa",".data","12288","409600","27100","3.24","2d3cbf4de696993c83322135e401c418",".rsrc","32768","438272","31196"
"sections#0#entropy","sections#0#md5","sections#0#name","sections#0#raw_size","sections#0#virtual_address","sections#0#virtual_size","sections#1#entropy","sections#1#md5","sections#1#name","sections#1#raw_size","sections#1#virtual_address","sections#1#virtual_size","sections#2#entropy","sections#2#md5","sections#2#name","sections#2#raw_size","sections#2#virtual_address","sections#2#virtual_size","sections#3#entropy","sections#3#md5","sections#3#name","sections#3#raw_size","sections#3#virtual_address","sections#3#virtual_size","sections#4#entropy","sections#4#md5","sections#4#name","sections#4#raw_size","sections#4#virtual_address","sections#4#virtual_size"
"6.45","2b6e34e1865cd7b1595c3bdc48daaba9",".text","86016","4096","82722","4.49","b32415c8a578d4bed8e151d81ea95212",".rdata","24576","90112","22014","7.85","b0dfc35406c9be46f3e2a4b218341018",".data","65536","114688","80072","0.0","e0f6821e0906d569a9a3e873c22c4d70",".sxdata","4096","196608","4","3.2","e2bea41e22d3557edbfb597b8ece04a7",".rsrc","16384","200704","12584"
"sections#0#entropy","sections#0#md5","sections#0#name","sections#0#raw_size","sections#0#virtual_address","sections#0#virtual_size","sections#1#entropy","sections#1#md5","sections#1#name","sections#1#raw_size","sections#1#virtual_address","sections#1#virtual_size","sections#2#entropy","sections#2#md5","sections#2#name","sections#2#raw_size","sections#2#virtual_address","sections#2#virtual_size","sections#3#entropy","sections#3#md5","sections#3#name","sections#3#raw_size","sections#3#virtual_address","sections#3#virtual_size","sections#4#entropy","sections#4#md5","sections#4#name","sections#4#raw_size","sections#4#virtual_address","sections#4#virtual_size"
"6.45","17a2d8f5bd0c4c98dc2b89c340d3d2ce",".text","86016","4096","82722","4.5","3f8dbcf2158f2a24a4efb27023378eb2",".rdata","24576","90112","22014","7.8","3be4427d5a4fd5d3b412b13c69c02f75",".data","69632","114688","83144","0.0","e0f6821e0906d569a9a3e873c22c4d70",".sxdata","4096","200704","4","3.2","ed61b9e73bfddbf019e2b01a12a43548",".rsrc","16384","204800","12584"
"sections#0#entropy","sections#0#md5","sections#0#name","sections#0#raw_size","sections#0#virtual_address","sections#0#virtual_size","sections#1#entropy","sections#1#md5","sections#1#name","sections#1#raw_size","sections#1#virtual_address","sections#1#virtual_size","sections#2#entropy","sections#2#md5","sections#2#name","sections#2#raw_size","sections#2#virtual_address","sections#2#virtual_size","sections#3#entropy","sections#3#md5","sections#3#name","sections#3#raw_size","sections#3#virtual_address","sections#3#virtual_size","sections#4#entropy","sections#4#md5","sections#4#name","sections#4#raw_size","sections#4#virtual_address","sections#4#virtual_size"
"6.42","6159124f79f38523867857f5a54d7a27",".text","94208","4096","92366","4.63","ce1cd5bebeee1b9922f5b469c89d7782",".rdata","24576","98304","23526","6.08","7c53b3406d08f1ab2329734acd45cc9c",".data","90112","122880","104425","0.0","e0f6821e0906d569a9a3e873c22c4d70",".sxdata","4096","229376","4","3.2","9bbf67d0c4ebc824746cc1eb64b311af",".rsrc","16384","233472","12584"
"sections#0#entropy","sections#0#md5","sections#0#name","sections#0#raw_size","sections#0#virtual_address","sections#0#virtual_size","sections#1#entropy","sections#1#md5","sections#1#name","sections#1#raw_size","sections#1#virtual_address","sections#1#virtual_size","sections#2#entropy","sections#2#md5","sections#2#name","sections#2#raw_size","sections#2#virtual_address","sections#2#virtual_size","sections#3#entropy","sections#3#md5","sections#3#name","sections#3#raw_size","sections#3#virtual_address","sections#3#virtual_size"
"5.65","d59d7af3677e2dd227884a3958773bf5",".text","16384","4096","14502","4.85","32f3ed202826726edafad687f81f519e",".rdata","4096","20480","3533","6.04","e7a965007dedade390812657060b0d16",".data","81920","24576","81960","2.03","d71cb9603c53b945b726a799bb840e93",".rsrc","8192","110592","4184"
"sections#0#entropy","sections#0#md5","sections#0#name","sections#0#raw_size","sections#0#virtual_address","sections#0#virtual_size","sections#1#entropy","sections#1#md5","sections#1#name","sections#1#raw_size","sections#1#virtual_address","sections#1#virtual_size","sections#2#entropy","sections#2#md5","sections#2#name","sections#2#raw_size","sections#2#virtual_address","sections#2#virtual_size","sections#3#entropy","sections#3#md5","sections#3#name","sections#3#raw_size","sections#3#virtual_address","sections#3#virtual_size"
"6.25","a9adad376c9465862b0113991c01b1a8",".text","23552","4096","23331","6.07","77230b61a41b4e4b12c30dd3f33269db",".rdata","239104","28672","238726","0.9","5d2a239ce7a26e8023521099f4c2fec5",".data","2048","270336","2772","5.19","4a9e1702c13212c6bb7fdf8348c55a8a",".rsrc","1024","274432","688"
"sections#0#entropy","sections#0#md5","sections#0#name","sections#0#raw_size","sections#0#virtual_address","sections#0#virtual_size","sections#1#entropy","sections#1#md5","sections#1#name","sections#1#raw_size","sections#1#virtual_address","sections#1#virtual_size","sections#2#entropy","sections#2#md5","sections#2#name","sections#2#raw_size","sections#2#virtual_address","sections#2#virtual_size","sections#3#entropy","sections#3#md5","sections#3#name","sections#3#raw_size","sections#3#virtual_address","sections#3#virtual_size","sections#4#entropy","sections#4#md5","sections#4#name","sections#4#raw_size","sections#4#virtual_address","sections#4#virtual_size"
"6.63","0fd49e0f782fd5b3f6cd8140a8fac65f",".text","40448","4096","40148","5.51","8372bdeaf71508d7a8ad45ba21a61da1",".rdata","9216","45056","9131","7.83","da3248166825769bca0abdde4b4634b0",".data","202240","57344","109143180","5.32","1573094698e47a9fee8ef1a00e335e8b",".rsrc","46080","109203456","46040","1.1","c826a97ae3bcc2feafb134721cdd967b",".reloc","24064","109252608","24036"
"sections#0#entropy","sections#0#md5","sections#0#name","sections#0#raw_size","sections#0#virtual_address","sections#0#virtual_size","sections#1#entropy","sections#1#md5","sections#1#name","sections#1#raw_size","sections#1#virtual_address","sections#1#virtual_size","sections#2#entropy","sections#2#md5","sections#2#name","sections#2#raw_size","sections#2#virtual_address","sections#2#virtual_size","sections#3#entropy","sections#3#md5","sections#3#name","sections#3#raw_size","sections#3#virtual_address","sections#3#virtual_size","sections#4#entropy","sections#4#md5","sections#4#name","sections#4#raw_size","sections#4#virtual_address","sections#4#virtual_size"
"6.45","17a2d8f5bd0c4c98dc2b89c340d3d2ce",".text","86016","4096","82722","4.5","3f8dbcf2158f2a24a4efb27023378eb2",".rdata","24576","90112","22014","7.8","3be4427d5a4fd5d3b412b13c69c02f75",".data","69632","114688","83144","0.0","e0f6821e0906d569a9a3e873c22c4d70",".sxdata","4096","200704","4","3.2","ed61b9e73bfddbf019e2b01a12a43548",".rsrc","16384","204800","12584"
"sections#0#entropy","sections#0#md5","sections#0#name","sections#0#raw_size","sections#0#virtual_address","sections#0#virtual_size","sections#1#entropy","sections#1#md5","sections#1#name","sections#1#raw_size","sections#1#virtual_address","sections#1#virtual_size","sections#2#entropy","sections#2#md5","sections#2#name","sections#2#raw_size","sections#2#virtual_address","sections#2#virtual_size","sections#3#entropy","sections#3#md5","sections#3#name","sections#3#raw_size","sections#3#virtual_address","sections#3#virtual_size","sections#4#entropy","sections#4#md5","sections#4#name","sections#4#raw_size","sections#4#virtual_address","sections#4#virtual_size"
"6.45","640f3a6ca19c3d877bdd21ee6907179d",".text","86016","4096","82722","4.5","af4c742320b3e92419a447843a13e7e6",".rdata","24576","90112","22014","7.87","c167ed0b59ac0f57df225cedec2d6d90",".data","73728","114688","88264","0.0","e0f6821e0906d569a9a3e873c22c4d70",".sxdata","4096","204800","4","3.2","c8fa7fe15202764700f9a505931362b7",".rsrc","16384","208896","12584"
"sections#0#entropy","sections#0#md5","sections#0#name","sections#0#raw_size","sections#0#virtual_address","sections#0#virtual_size","sections#1#entropy","sections#1#md5","sections#1#name","sections#1#raw_size","sections#1#virtual_address","sections#1#virtual_size","sections#2#entropy","sections#2#md5","sections#2#name","sections#2#raw_size","sections#2#virtual_address","sections#2#virtual_size","sections#3#entropy","sections#3#md5","sections#3#name","sections#3#raw_size","sections#3#virtual_address","sections#3#virtual_size","sections#4#entropy","sections#4#md5","sections#4#name","sections#4#raw_size","sections#4#virtual_address","sections#4#virtual_size"
"6.43","6b1891db3e428c8760c48d4e6ece5ef2",".text","94208","4096","92734","4.64","7b5544a790439ec20734f2093c6e3728",".rdata","24576","98304","23558","6.06","e928ac98c5cf0ab5833597e24d2c90e5",".data","98304","122880","111273","0.0","e0f6821e0906d569a9a3e873c22c4d70",".sxdata","4096","237568","4","3.2","e7e1943f2ec1b05692208d354ab4a7e8",".rsrc","16384","241664","12584"
"sections#0#entropy","sections#0#md5","sections#0#name","sections#0#raw_size","sections#0#virtual_address","sections#0#virtual_size","sections#1#entropy","sections#1#md5","sections#1#name","sections#1#raw_size","sections#1#virtual_address","sections#1#virtual_size","sections#2#entropy","sections#2#md5","sections#2#name","sections#2#raw_size","sections#2#virtual_address","sections#2#virtual_size","sections#3#entropy","sections#3#md5","sections#3#name","sections#3#raw_size","sections#3#virtual_address","sections#3#virtual_size","sections#4#entropy","sections#4#md5","sections#4#name","sections#4#raw_size","sections#4#virtual_address","sections#4#virtual_size"
"6.42","6159124f79f38523867857f5a54d7a27",".text","94208","4096","92366","4.63","ce1cd5bebeee1b9922f5b469c89d7782",".rdata","24576","98304","23526","6.08","7c53b3406d08f1ab2329734acd45cc9c",".data","90112","122880","104425","0.0","e0f6821e0906d569a9a3e873c22c4d70",".sxdata","4096","229376","4","3.2","9bbf67d0c4ebc824746cc1eb64b311af",".rsrc","16384","233472","12584"
"sections#0#entropy","sections#0#md5","sections#0#name","sections#0#raw_size","sections#0#virtual_address","sections#0#virtual_size","sections#1#entropy","sections#1#md5","sections#1#name","sections#1#raw_size","sections#1#virtual_address","sections#1#virtual_size","sections#2#entropy","sections#2#md5","sections#2#name","sections#2#raw_size","sections#2#virtual_address","sections#2#virtual_size","sections#3#entropy","sections#3#md5","sections#3#name","sections#3#raw_size","sections#3#virtual_address","sections#3#virtual_size","sections#4#entropy","sections#4#md5","sections#4#name","sections#4#raw_size","sections#4#virtual_address","sections#4#virtual_size"
"6.45","640f3a6ca19c3d877bdd21ee6907179d",".text","86016","4096","82722","4.5","af4c742320b3e92419a447843a13e7e6",".rdata","24576","90112","22014","7.87","c167ed0b59ac0f57df225cedec2d6d90",".data","73728","114688","88264","0.0","e0f6821e0906d569a9a3e873c22c4d70",".sxdata","4096","204800","4","3.2","c8fa7fe15202764700f9a505931362b7",".rsrc","16384","208896","12584"
"sections#0#entropy","sections#0#md5","sections#0#name","sections#0#raw_size","sections#0#virtual_address","sections#0#virtual_size","sections#1#entropy","sections#1#md5","sections#1#name","sections#1#raw_size","sections#1#virtual_address","sections#1#virtual_size","sections#2#entropy","sections#2#md5","sections#2#name","sections#2#raw_size","sections#2#virtual_address","sections#2#virtual_size"
"5.3","0909ad1a38986feb9177b67b35f27291",".text","196608","4096","193564","0.0","620f0b67a91f7f74151bc5be745b7110",".data","4096","200704","18084","7.16","c4a1d0ab0817c343fddd6c0025f33726",".rsrc","290816","221184","287196"
"sections#0#entropy","sections#0#md5","sections#0#name","sections#0#raw_size","sections#0#virtual_address","sections#0#virtual_size","sections#1#entropy","sections#1#md5","sections#1#name","sections#1#raw_size","sections#1#virtual_address","sections#1#virtual_size","sections#2#entropy","sections#2#md5","sections#2#name","sections#2#raw_size","sections#2#virtual_address","sections#2#virtual_size","sections#3#entropy","sections#3#md5","sections#3#name","sections#3#raw_size","sections#3#virtual_address","sections#3#virtual_size","sections#4#entropy","sections#4#md5","sections#4#name","sections#4#raw_size","sections#4#virtual_address","sections#4#virtual_size","sections#5#entropy","sections#5#md5","sections#5#name","sections#5#raw_size","sections#5#virtual_address","sections#5#virtual_size","sections#6#entropy","sections#6#md5","sections#6#name","sections#6#raw_size","sections#6#virtual_address","sections#6#virtual_size"
"5.63","439f225d39957f26930b294ab3128ca0",".text","160768","4096","160496","0.2","116e1d351d5c0d623780e08a36677368",".data","512","167936","44","6.2","86e64470bfec780284f91e70f9783261",".rdata","98304","172032","98080","0.0","d41d8cd98f00b204e9800998ecf8427e",".bss","0","270336","19524","5.11","6b9b07a8bf26ff7eb2423cbc46791166",".idata","3584","290816","3488","0.11","7fb6d5981437fbe38655d3de5c70db02",".CRT","512","294912","24","0.22","6e08530c901de7789b560622795dedcc",".tls","512","299008","32"
